SKU;název;L_mm;Š_mm;V_mm;model;opraveno_v6;neověřeno
4932471064;Nízký organizér;500;414;64;modely/4932471064.glb;10 samostatných zaoblených nádob (8 malých + 2 velké), děliče v každé nádobě, oddělené těsnicí okénko nad každou nádobou, střední pruh, čelní úchop a spony.;"Nekótované poloměry, tloušťky stěn, úkosy, přesné polohy, hloubky a vůle nejsou doměřené. | Shoda jednotlivých detailů do 2 mm není prokázaná; model není výrobní CAD. | Přímá fotografie spodku tohoto SKU nezískána; přesné spodní spojovací pozice nejsou v6 přebírané z jiného SKU ani potvrzené."
4932464082;Organizér;500;386;117;modely/4932464082.glb;Samostatné nádoby, výrazné zaoblené rohy, kapsy čela, červená výklopná rukojeť s černým úchopem, kovové spony a plné průhledné víko. Vlastní doložený spodek 3 × 4.;"Nekótované poloměry, tloušťky stěn, úkosy, přesné polohy, hloubky a vůle nejsou doměřené. | Shoda jednotlivých detailů do 2 mm není prokázaná; model není výrobní CAD."
4932471065;Kompaktní nízký organizér;411;249;64;modely/4932471065.glb;Pět samostatných nádob (4 malé + 1 velká), dva děliče velké a jeden každé malé, výraznější čelní úchop, spony u obou čelních rohů. Vlastní doložený spodek 3 × 2.;"Nekótované poloměry, tloušťky stěn, úkosy, přesné polohy, hloubky a vůle nejsou doměřené. | Shoda jednotlivých detailů do 2 mm není prokázaná; model není výrobní CAD."
4932471723;Kompaktní box na nářadí;411;249;330;modely/4932471723.glb;Typ rychle porovnaný, geometrie zachovaná z v5. Další nálezy jsou uvedené samostatně.;"Poloměry, úkosy a tloušťky nejsou kótované. | Přesné vůle a profil PACKOUT nelze potvrdit fotografiemi. | Proporce nekótovaných detailů jsou vizuální rekonstrukce; fyzická přesnost není potvrzena. | Model je v přepravní poloze; fotografie může mít vysunuté nebo zdvižené držadlo. Jeho zdvih není kótovaný. | Přesný tvar, počet a rozteče spodních spojovacích prvků nejsou doložené kótovaným CAD ani měřením fyzického kusu."
4932471724;Otevřená přepravka;475;389;251;modely/4932471724.glb;Typ rychle porovnaný, geometrie zachovaná z v5. Další nálezy jsou uvedené samostatně.;"Poloměry, úkosy a tloušťky nejsou kótované. | Přesné vůle a profil PACKOUT nelze potvrdit fotografiemi. | Proporce nekótovaných detailů jsou vizuální rekonstrukce; fyzická přesnost není potvrzena. | Přesný tvar, počet a rozteče spodních spojovacích prvků nejsou doložené kótovaným CAD ani měřením fyzického kusu."
4932498323;Organizér s výklopnými boxy;500;386;170;modely/4932498323.glb;Otevřený nosný rám, 8 malých + 2 velké samostatné duté průhledné boxy, dělič v každém velkém, střední západka T, tři kovové přídržné tyče, přední rukojeť a její horní výklopná poloha.;"Nekótované poloměry, tloušťky stěn, úkosy, přesné polohy, hloubky a vůle nejsou doměřené. | Shoda jednotlivých detailů do 2 mm není prokázaná; model není výrobní CAD. | Přímá fotografie spodku tohoto SKU nezískána; přesné spodní spojovací pozice nejsou v6 přebírané z jiného SKU ani potvrzené."
4932478625;Hluboký organizér;507;386;178;modely/4932478625.glb;Šest červených vyjímatelných děličů (3 dlouhé + 3 krátké), pevný příčný střed a osm oddílů, kotvení děličů, vlastní profil čelní rukojeti a spon.;"Nekótované poloměry, tloušťky stěn, úkosy, přesné polohy, hloubky a vůle nejsou doměřené. | Shoda jednotlivých detailů do 2 mm není prokázaná; model není výrobní CAD. | Přímá fotografie spodku tohoto SKU nezískána; přesné spodní spojovací pozice nejsou v6 přebírané z jiného SKU ani potvrzené. | Rozpor zdrojů: některé jazykové produktové listy uvádějí 10 nádob; fotografie tohoto SKU a katalog 2023 ukazují 6 děličů a 8 oddílů. Model odpovídá zobrazené sestavě."
4932480623;Skříň s předními dvířky;508;381;381;modely/4932480623.glb;Typ rychle porovnaný, geometrie zachovaná z v5. Další nálezy jsou uvedené samostatně.;"Poloměry, úkosy a tloušťky nejsou kótované. | Přesné vůle a profil PACKOUT nelze potvrdit fotografiemi. | Proporce nekótovaných detailů jsou vizuální rekonstrukce; fyzická přesnost není potvrzena. | Přesný tvar, počet a rozteče spodních spojovacích prvků nejsou doložené kótovaným CAD ani měřením fyzického kusu."
4932501784,4932478162;Box na nářadí XL;554;394;422;modely/4932501784.glb;Typ rychle porovnaný, geometrie zachovaná z v5. Další nálezy jsou uvedené samostatně.;"Poloměry, úkosy a tloušťky nejsou kótované. | Přesné vůle a profil PACKOUT nelze potvrdit fotografiemi. | Proporce nekótovaných detailů jsou vizuální rekonstrukce; fyzická přesnost není potvrzena. | Galerie zobrazuje starší SKU 4932478162; konstrukční identita nové revize 4932501784 není potvrzená. | Přesný tvar, počet a rozteče spodních spojovacích prvků nejsou doložené kótovaným CAD ani měřením fyzického kusu."
4932499703;Box pro elektrikáře;560;410;165;modely/4932499703.glb;Typ rychle porovnaný, geometrie zachovaná z v5. Další nálezy jsou uvedené samostatně.;"Poloměry, úkosy a tloušťky nejsou kótované. | Přesné vůle a profil PACKOUT nelze potvrdit fotografiemi. | Proporce nekótovaných detailů jsou vizuální rekonstrukce; fyzická přesnost není potvrzena. | Dohledané CZ/SK nabídky opakují stejný snímek výrobce; nezávislý boční a spodní pohled konkrétní vložky chybí. | Přesný tvar, počet a rozteče spodních spojovacích prvků nejsou doložené kótovaným CAD ani měřením fyzického kusu."
4932499704;Box pro instalatéry;560;410;165;modely/4932499704.glb;Typ rychle porovnaný, geometrie zachovaná z v5. Další nálezy jsou uvedené samostatně.;"Poloměry, úkosy a tloušťky nejsou kótované. | Přesné vůle a profil PACKOUT nelze potvrdit fotografiemi. | Proporce nekótovaných detailů jsou vizuální rekonstrukce; fyzická přesnost není potvrzena. | Dohledané CZ/SK nabídky opakují stejný snímek výrobce; nezávislý boční a spodní pohled konkrétní vložky chybí. | Přesný tvar, počet a rozteče spodních spojovacích prvků nejsou doložené kótovaným CAD ani měřením fyzického kusu."
4932464078;Pojízdný box s výsuvným držadlem;561;472;530;modely/4932464078.glb;Typ rychle porovnaný, geometrie zachovaná z v5. Další nálezy jsou uvedené samostatně.;"Poloměry, úkosy a tloušťky nejsou kótované. | Přesné vůle a profil PACKOUT nelze potvrdit fotografiemi. | Proporce nekótovaných detailů jsou vizuální rekonstrukce; fyzická přesnost není potvrzena. | Model je v přepravní poloze; fotografie může mít vysunuté nebo zdvižené držadlo. Jeho zdvih není kótovaný. | Přesný tvar, počet a rozteče spodních spojovacích prvků nejsou doložené kótovaným CAD ani měřením fyzického kusu."
4932464079;Velký box na nářadí;561;411;282;modely/4932464079.glb;Typ rychle porovnaný, geometrie zachovaná z v5. Další nálezy jsou uvedené samostatně.;"Poloměry, úkosy a tloušťky nejsou kótované. | Přesné vůle a profil PACKOUT nelze potvrdit fotografiemi. | Proporce nekótovaných detailů jsou vizuální rekonstrukce; fyzická přesnost není potvrzena. | Model je v přepravní poloze; fotografie může mít vysunuté nebo zdvižené držadlo. Jeho zdvih není kótovaný. | Přesný tvar, počet a rozteče spodních spojovacích prvků nejsou doložené kótovaným CAD ani měřením fyzického kusu."
4932464080;Box na nářadí;561;411;165;modely/4932464080.glb;Typ rychle porovnaný, geometrie zachovaná z v5. Další nálezy jsou uvedené samostatně.;"Poloměry, úkosy a tloušťky nejsou kótované. | Přesné vůle a profil PACKOUT nelze potvrdit fotografiemi. | Proporce nekótovaných detailů jsou vizuální rekonstrukce; fyzická přesnost není potvrzena. | Přesný tvar, počet a rozteče spodních spojovacích prvků nejsou doložené kótovaným CAD ani měřením fyzického kusu."
4932472129;Box se 2 zásuvkami;564;414;363;modely/4932472129.glb;Typ rychle porovnaný, geometrie zachovaná z v5. Další nálezy jsou uvedené samostatně.;"Poloměry, úkosy a tloušťky nejsou kótované. | Přesné vůle a profil PACKOUT nelze potvrdit fotografiemi. | Proporce nekótovaných detailů jsou vizuální rekonstrukce; fyzická přesnost není potvrzena. | Přesný tvar, počet a rozteče spodních spojovacích prvků nejsou doložené kótovaným CAD ani měřením fyzického kusu."
4932472130;Box se 3 zásuvkami;564;414;363;modely/4932472130.glb;Typ rychle porovnaný, geometrie zachovaná z v5. Další nálezy jsou uvedené samostatně.;"Poloměry, úkosy a tloušťky nejsou kótované. | Přesné vůle a profil PACKOUT nelze potvrdit fotografiemi. | Proporce nekótovaných detailů jsou vizuální rekonstrukce; fyzická přesnost není potvrzena. | Přesný tvar, počet a rozteče spodních spojovacích prvků nejsou doložené kótovaným CAD ani měřením fyzického kusu."
4932493189;Box se 4 zásuvkami;564;414;363;modely/4932493189.glb;Typ rychle porovnaný, geometrie zachovaná z v5. Další nálezy jsou uvedené samostatně.;"Poloměry, úkosy a tloušťky nejsou kótované. | Přesné vůle a profil PACKOUT nelze potvrdit fotografiemi. | Proporce nekótovaných detailů jsou vizuální rekonstrukce; fyzická přesnost není potvrzena. | Přesný tvar, počet a rozteče spodních spojovacích prvků nejsou doložené kótovaným CAD ani měřením fyzického kusu."
4932493190;Box se zásuvkami 2 + 1;564;414;363;modely/4932493190.glb;Typ rychle porovnaný, geometrie zachovaná z v5. Další nálezy jsou uvedené samostatně.;"Poloměry, úkosy a tloušťky nejsou kótované. | Přesné vůle a profil PACKOUT nelze potvrdit fotografiemi. | Proporce nekótovaných detailů jsou vizuální rekonstrukce; fyzická přesnost není potvrzena. | Přesný tvar, počet a rozteče spodních spojovacích prvků nejsou doložené kótovaným CAD ani měřením fyzického kusu."
4932498651;Pojízdný box s čelní zásuvkou;610;480;550;modely/4932498651.glb;Typ rychle porovnaný, geometrie zachovaná z v5. Další nálezy jsou uvedené samostatně.;"Poloměry, úkosy a tloušťky nejsou kótované. | Přesné vůle a profil PACKOUT nelze potvrdit fotografiemi. | Proporce nekótovaných detailů jsou vizuální rekonstrukce; fyzická přesnost není potvrzena. | Zdroje se rozcházejí ve vnějších rozměrech; zachován původní rozpor v katalogu. | Model je v přepravní poloze; fotografie může mít vysunuté nebo zdvižené držadlo. Jeho zdvih není kótovaný. | Přesný tvar, počet a rozteče spodních spojovacích prvků nejsou doložené kótovaným CAD ani měřením fyzického kusu."
4932478161;Pojízdná bedna na nářadí;965;609;401;modely/4932478161.glb;Typ rychle porovnaný, geometrie zachovaná z v5. Další nálezy jsou uvedené samostatně.;"Poloměry, úkosy a tloušťky nejsou kótované. | Přesné vůle a profil PACKOUT nelze potvrdit fotografiemi. | Proporce nekótovaných detailů jsou vizuální rekonstrukce; fyzická přesnost není potvrzena. | Model je v přepravní poloze; fotografie může mít vysunuté nebo zdvižené držadlo. Jeho zdvih není kótovaný. | Přesný tvar, počet a rozteče spodních spojovacích prvků nejsou doložené kótovaným CAD ani měřením fyzického kusu."
