SKU;název;L_mm;Š_mm;V_mm;zdroj;fyzické_měření;chybějící_geometrie
4932471723;Kompaktní box na nářadí;411.0;249.0;330.0;https://www.milwaukeetool.eu/en-eu/packout-boxes/packout-boxes/;NE;Potvrdit rozpory v celkových rozměrech, verzi SKU a co zahrnuje uváděná obálka. | Skutečný obrys těla, úkosy, zaoblení, výztuhy a jejich souřadnice. | Profily, kóty a polohy spodních a horních spojů PACKOUT včetně funkčních vůlí. | Rozměry, polohy a obálka držadel v přepravní poloze. | Poloha a rozměry skutečných opěrných ploch a spodních výstupků. | Kóty a polohy uzávěrů, pantů, víka nebo čelních dvířek/zásuvek.
4932471065;Kompaktní nízký organizér;411.0;249.0;64.0;https://www.milwaukeetool.eu/en-eu/packout-organisers/packout-organisers/;NE;Potvrdit rozpory v celkových rozměrech, verzi SKU a co zahrnuje uváděná obálka. | Skutečný obrys těla, úkosy, zaoblení, výztuhy a jejich souřadnice. | Profily, kóty a polohy spodních a horních spojů PACKOUT včetně funkčních vůlí. | Rozměry, polohy a obálka držadel v přepravní poloze. | Poloha a rozměry skutečných opěrných ploch a spodních výstupků. | Kóty a polohy uzávěrů, pantů, víka nebo čelních dvířek/zásuvek.
4932471724;Otevřená přepravka;475.0;389.0;251.0;https://www.milwaukeetool.eu/en-eu/packout-crate/packout-crate/;NE;Skutečný obrys těla, úkosy, zaoblení, výztuhy a jejich souřadnice. | Profily, kóty a polohy spodních a horních spojů PACKOUT včetně funkčních vůlí. | Rozměry, polohy a obálka držadel v přepravní poloze. | Poloha a rozměry skutečných opěrných ploch a spodních výstupků.
4932471064;Nízký organizér;500.0;414.0;64.0;https://www.milwaukeetool.eu/en-eu/packout-organisers/packout-organisers/;NE;Skutečný obrys těla, úkosy, zaoblení, výztuhy a jejich souřadnice. | Profily, kóty a polohy spodních a horních spojů PACKOUT včetně funkčních vůlí. | Rozměry, polohy a obálka držadel v přepravní poloze. | Poloha a rozměry skutečných opěrných ploch a spodních výstupků. | Kóty a polohy uzávěrů, pantů, víka nebo čelních dvířek/zásuvek.
4932464082;Organizér;500.0;386.0;117.0;https://www.milwaukeetool.eu/en-eu/packout-organisers/packout-organisers/;NE;Skutečný obrys těla, úkosy, zaoblení, výztuhy a jejich souřadnice. | Profily, kóty a polohy spodních a horních spojů PACKOUT včetně funkčních vůlí. | Rozměry, polohy a obálka držadel v přepravní poloze. | Poloha a rozměry skutečných opěrných ploch a spodních výstupků. | Kóty a polohy uzávěrů, pantů, víka nebo čelních dvířek/zásuvek.
4932498323;Organizér s výklopnými boxy;500.0;386.0;170.0;https://www.milwaukeetool.eu/en-eu/packout-tip-bin-organiser/packout-tip-bin-organiser/;NE;Skutečný obrys těla, úkosy, zaoblení, výztuhy a jejich souřadnice. | Profily, kóty a polohy spodních a horních spojů PACKOUT včetně funkčních vůlí. | Rozměry, polohy a obálka držadel v přepravní poloze. | Poloha a rozměry skutečných opěrných ploch a spodních výstupků. | Kóty a polohy uzávěrů, pantů, víka nebo čelních dvířek/zásuvek.
4932478625;Hluboký organizér;507.0;386.0;178.0;https://www.milwaukeetool.eu/en-eu/packout-organisers/packout-organisers/;NE;Skutečný obrys těla, úkosy, zaoblení, výztuhy a jejich souřadnice. | Profily, kóty a polohy spodních a horních spojů PACKOUT včetně funkčních vůlí. | Rozměry, polohy a obálka držadel v přepravní poloze. | Poloha a rozměry skutečných opěrných ploch a spodních výstupků. | Kóty a polohy uzávěrů, pantů, víka nebo čelních dvířek/zásuvek.
4932480623;Skříň s předními dvířky;508.0;381.0;381.0;https://www.milwaukeetool.eu/en-eu/packout-cabinet/packout-cabinet/;NE;Skutečný obrys těla, úkosy, zaoblení, výztuhy a jejich souřadnice. | Profily, kóty a polohy spodních a horních spojů PACKOUT včetně funkčních vůlí. | Rozměry, polohy a obálka držadel v přepravní poloze. | Poloha a rozměry skutečných opěrných ploch a spodních výstupků. | Kóty a polohy uzávěrů, pantů, víka nebo čelních dvířek/zásuvek.
4932501784 / 4932478162;Box na nářadí XL;554.0;394.0;422.0;https://www.milwaukeetool.eu/en-eu/packout-boxes/packout-boxes/;NE;Potvrdit rozpory v celkových rozměrech, verzi SKU a co zahrnuje uváděná obálka. | Skutečný obrys těla, úkosy, zaoblení, výztuhy a jejich souřadnice. | Profily, kóty a polohy spodních a horních spojů PACKOUT včetně funkčních vůlí. | Rozměry, polohy a obálka držadel v přepravní poloze. | Poloha a rozměry skutečných opěrných ploch a spodních výstupků. | Kóty a polohy uzávěrů, pantů, víka nebo čelních dvířek/zásuvek.
4932499703;Box pro elektrikáře;560.0;410.0;165.0;https://myloesch.com/de/milwaukee-koffer-fuer-elektriker-560-x-410-165-mm-packout-leer/90-9813;NE;Potvrdit rozpory v celkových rozměrech, verzi SKU a co zahrnuje uváděná obálka. | Skutečný obrys těla, úkosy, zaoblení, výztuhy a jejich souřadnice. | Profily, kóty a polohy spodních a horních spojů PACKOUT včetně funkčních vůlí. | Rozměry, polohy a obálka držadel v přepravní poloze. | Poloha a rozměry skutečných opěrných ploch a spodních výstupků. | Kóty a polohy uzávěrů, pantů, víka nebo čelních dvířek/zásuvek.
4932499704;Box pro instalatéry;560.0;410.0;165.0;https://www.muellershop.ch/?artId=101138385&groupId=100040772&markid=MI4932499704&pg=det&srv=marken;NE;Potvrdit rozpory v celkových rozměrech, verzi SKU a co zahrnuje uváděná obálka. | Skutečný obrys těla, úkosy, zaoblení, výztuhy a jejich souřadnice. | Profily, kóty a polohy spodních a horních spojů PACKOUT včetně funkčních vůlí. | Rozměry, polohy a obálka držadel v přepravní poloze. | Poloha a rozměry skutečných opěrných ploch a spodních výstupků. | Kóty a polohy uzávěrů, pantů, víka nebo čelních dvířek/zásuvek.
4932464080;Box na nářadí;561.0;411.0;165.0;https://www.milwaukeetool.eu/en-eu/packout-boxes/packout-boxes/;NE;Potvrdit rozpory v celkových rozměrech, verzi SKU a co zahrnuje uváděná obálka. | Skutečný obrys těla, úkosy, zaoblení, výztuhy a jejich souřadnice. | Profily, kóty a polohy spodních a horních spojů PACKOUT včetně funkčních vůlí. | Rozměry, polohy a obálka držadel v přepravní poloze. | Poloha a rozměry skutečných opěrných ploch a spodních výstupků. | Kóty a polohy uzávěrů, pantů, víka nebo čelních dvířek/zásuvek.
4932464078;Pojízdný box s výsuvným držadlem;561.0;472.0;530.0;https://www.milwaukeetool.eu/en-eu/packout-trolley-box/packout-trolley-box/;NE;Skutečný obrys těla, úkosy, zaoblení, výztuhy a jejich souřadnice. | Profily, kóty a polohy spodních a horních spojů PACKOUT včetně funkčních vůlí. | Rozměry, polohy a obálka držadel v přepravní poloze. | Poloha a rozměry skutečných opěrných ploch a spodních výstupků. | Kóty a polohy uzávěrů, pantů, víka nebo čelních dvířek/zásuvek. | Průměr, šířka a polohy koleček/osy a obálka vysunutého a zasunutého držadla.
4932464079;Velký box na nářadí;561.0;411.0;282.0;https://www.milwaukeetool.eu/en-eu/packout-boxes/packout-boxes/;NE;Potvrdit rozpory v celkových rozměrech, verzi SKU a co zahrnuje uváděná obálka. | Skutečný obrys těla, úkosy, zaoblení, výztuhy a jejich souřadnice. | Profily, kóty a polohy spodních a horních spojů PACKOUT včetně funkčních vůlí. | Rozměry, polohy a obálka držadel v přepravní poloze. | Poloha a rozměry skutečných opěrných ploch a spodních výstupků. | Kóty a polohy uzávěrů, pantů, víka nebo čelních dvířek/zásuvek.
4932472129;Box se 2 zásuvkami;564.0;414.0;363.0;https://www.milwaukeetool.eu/en-eu/packout-drawer-tool-boxes/packout-drawer-tool-boxes/;NE;Skutečný obrys těla, úkosy, zaoblení, výztuhy a jejich souřadnice. | Profily, kóty a polohy spodních a horních spojů PACKOUT včetně funkčních vůlí. | Rozměry, polohy a obálka držadel v přepravní poloze. | Poloha a rozměry skutečných opěrných ploch a spodních výstupků. | Kóty a polohy uzávěrů, pantů, víka nebo čelních dvířek/zásuvek.
4932472130;Box se 3 zásuvkami;564.0;414.0;363.0;https://www.milwaukeetool.eu/en-eu/packout-drawer-tool-boxes/packout-drawer-tool-boxes/;NE;Skutečný obrys těla, úkosy, zaoblení, výztuhy a jejich souřadnice. | Profily, kóty a polohy spodních a horních spojů PACKOUT včetně funkčních vůlí. | Rozměry, polohy a obálka držadel v přepravní poloze. | Poloha a rozměry skutečných opěrných ploch a spodních výstupků. | Kóty a polohy uzávěrů, pantů, víka nebo čelních dvířek/zásuvek.
4932493189;Box se 4 zásuvkami;564.0;414.0;363.0;https://www.milwaukeetool.eu/en-eu/packout-drawer-tool-boxes/packout-drawer-tool-boxes/;NE;Skutečný obrys těla, úkosy, zaoblení, výztuhy a jejich souřadnice. | Profily, kóty a polohy spodních a horních spojů PACKOUT včetně funkčních vůlí. | Rozměry, polohy a obálka držadel v přepravní poloze. | Poloha a rozměry skutečných opěrných ploch a spodních výstupků. | Kóty a polohy uzávěrů, pantů, víka nebo čelních dvířek/zásuvek.
4932493190;Box se zásuvkami 2 + 1;564.0;414.0;363.0;https://www.milwaukeetool.eu/en-eu/packout-drawer-tool-boxes/packout-drawer-tool-boxes/;NE;Skutečný obrys těla, úkosy, zaoblení, výztuhy a jejich souřadnice. | Profily, kóty a polohy spodních a horních spojů PACKOUT včetně funkčních vůlí. | Rozměry, polohy a obálka držadel v přepravní poloze. | Poloha a rozměry skutečných opěrných ploch a spodních výstupků. | Kóty a polohy uzávěrů, pantů, víka nebo čelních dvířek/zásuvek.
4932498651;Pojízdný box s čelní zásuvkou;610.0;480.0;550.0;https://www.milwaukeetool.eu/en-eu/packout-rolling-drawer/packout-rolling-drawer/;NE;Potvrdit rozpory v celkových rozměrech, verzi SKU a co zahrnuje uváděná obálka. | Skutečný obrys těla, úkosy, zaoblení, výztuhy a jejich souřadnice. | Profily, kóty a polohy spodních a horních spojů PACKOUT včetně funkčních vůlí. | Rozměry, polohy a obálka držadel v přepravní poloze. | Poloha a rozměry skutečných opěrných ploch a spodních výstupků. | Kóty a polohy uzávěrů, pantů, víka nebo čelních dvířek/zásuvek. | Průměr, šířka a polohy koleček/osy a obálka vysunutého a zasunutého držadla.
4932478161;Pojízdná bedna na nářadí;965.0;609.0;401.0;https://www.milwaukeetool.eu/en-eu/packout-rolling-tool-chest/packout-rolling-tool-chest/;NE;Skutečný obrys těla, úkosy, zaoblení, výztuhy a jejich souřadnice. | Profily, kóty a polohy spodních a horních spojů PACKOUT včetně funkčních vůlí. | Rozměry, polohy a obálka držadel v přepravní poloze. | Poloha a rozměry skutečných opěrných ploch a spodních výstupků. | Kóty a polohy uzávěrů, pantů, víka nebo čelních dvířek/zásuvek. | Průměr, šířka a polohy koleček/osy a obálka vysunutého a zasunutého držadla.
