SKU;soubor soukromého podkladu;URL fotografie;produktová stránka;pohled;nový zdroj v5;licence
4932471064;zdroje/doladeni-v3/4932471064/4932471064--Hero_1.jpg;https://static.milwaukeetool.eu/remote.axd/milwaukee-media-images.s3.amazonaws.com/hi/4932471064--Hero_1.jpg?v=55E43BEFDC4E2D5281B2C237F84EC745&width=1200;https://www.milwaukeetool.eu/en-eu/packout-organisers/packout-organisers/?variant=382512;hero;False;"Autorská fotografie výrobce; jen soukromé studium tvaru, nezveřejňovat kopii."
4932471064;zdroje/doladeni-v3/4932471064/4932471064--Hero_2.jpg;https://static.milwaukeetool.eu/remote.axd/milwaukee-media-images.s3.amazonaws.com/hi/4932471064--Hero_2.jpg?v=A55CEF966FCE746A28ABABA8787A2AC7&width=1200;https://www.milwaukeetool.eu/en-eu/packout-organisers/packout-organisers/?variant=382512;hero;False;"Autorská fotografie výrobce; jen soukromé studium tvaru, nezveřejňovat kopii."
4932471064;zdroje/doladeni-v3/4932471064/4932471064--Hero_3.jpg;https://static.milwaukeetool.eu/remote.axd/milwaukee-media-images.s3.amazonaws.com/hi/4932471064--Hero_3.jpg?v=85E36FFF72BB85994F3A216911DD5684&width=1200;https://www.milwaukeetool.eu/en-eu/packout-organisers/packout-organisers/?variant=382512;hero;False;"Autorská fotografie výrobce; jen soukromé studium tvaru, nezveřejňovat kopii."
4932471064;zdroje/doladeni-v3/4932471064/4932471064--Hero_4.jpg;https://static.milwaukeetool.eu/remote.axd/milwaukee-media-images.s3.amazonaws.com/hi/4932471064--Hero_4.jpg?v=8E1C4A23582816DDAAB88C9BCBC7D896&width=1200;https://www.milwaukeetool.eu/en-eu/packout-organisers/packout-organisers/?variant=382512;hero;False;"Autorská fotografie výrobce; jen soukromé studium tvaru, nezveřejňovat kopii."
4932471064;zdroje/doladeni-v3/4932471064/4932471064--App_1.jpg;https://static.milwaukeetool.eu/remote.axd/milwaukee-media-images.s3.amazonaws.com/hi_no_padding/4932471064--App_1.jpg?v=9481D75C261F826677C0CB6D228504DA&width=1200;https://www.milwaukeetool.eu/en-eu/packout-organisers/packout-organisers/?variant=382512;app;False;"Autorská fotografie výrobce; jen soukromé studium tvaru, nezveřejňovat kopii."
4932471064;zdroje/doladeni-v3/4932471064/4932471064--App_2.jpg;https://static.milwaukeetool.eu/remote.axd/milwaukee-media-images.s3.amazonaws.com/hi_no_padding/4932471064--App_2.jpg?v=3236776D1B83D5E94BE094B6983381CF&width=1200;https://www.milwaukeetool.eu/en-eu/packout-organisers/packout-organisers/?variant=382512;app;False;"Autorská fotografie výrobce; jen soukromé studium tvaru, nezveřejňovat kopii."
4932471064;zdroje/doladeni-v5/4932471064/4b9a7fad06-000001638301paulimot_4932471064_Milwaukee_PACKOUT_Organiser_Slim_1.jpg;https://paulimot-sw6.b-cdn.net/media/1b/b4/4a/1685451957/000001638301paulimot_4932471064_Milwaukee_PACKOUT_Organiser_Slim_1.jpg?ts=1685451957;https://www.paulimot.de/milwaukee-packout-organiser-slim;nová fotografie prodejce;True;"Fotografie prodejce; pouze soukromé studium, kopii nezveřejňovat."
4932471064;zdroje/doladeni-v5/4932471064/cf3b303df6-000001638301paulimot_4932471064_Milwaukee_PACKOUT_Organiser_Slim_1_2.jpg;https://paulimot-sw6.b-cdn.net/media/9b/02/3b/1685451960/000001638301paulimot_4932471064_Milwaukee_PACKOUT_Organiser_Slim_1_2.jpg?ts=1685451960;https://www.paulimot.de/milwaukee-packout-organiser-slim;nová fotografie prodejce;True;"Fotografie prodejce; pouze soukromé studium, kopii nezveřejňovat."
4932471064;zdroje/doladeni-v5/4932471064/ae3b480072-000001638301paulimot_4932471064_Milwaukee_PACKOUT_Organiser_Slim_2_3.jpg;https://paulimot-sw6.b-cdn.net/media/e8/f9/25/1685451962/000001638301paulimot_4932471064_Milwaukee_PACKOUT_Organiser_Slim_2_3.jpg?ts=1685451962;https://www.paulimot.de/milwaukee-packout-organiser-slim;nová fotografie prodejce;True;"Fotografie prodejce; pouze soukromé studium, kopii nezveřejňovat."
4932471064;zdroje/doladeni-v5/4932471064/7d4a21173d-000001638301paulimot_4932471064_Milwaukee_PACKOUT_Organiser_Slim_3_4.jpg;https://paulimot-sw6.b-cdn.net/media/cb/ea/71/1685451964/000001638301paulimot_4932471064_Milwaukee_PACKOUT_Organiser_Slim_3_4.jpg?ts=1685451964;https://www.paulimot.de/milwaukee-packout-organiser-slim;nová fotografie prodejce;True;"Fotografie prodejce; pouze soukromé studium, kopii nezveřejňovat."
4932471064;zdroje/doladeni-v5/4932471064/ee719a3914-000001638301paulimot_4932471064_Milwaukee_PACKOUT_Organiser_Slim_4_5.jpg;https://paulimot-sw6.b-cdn.net/media/41/bc/dd/1685451966/000001638301paulimot_4932471064_Milwaukee_PACKOUT_Organiser_Slim_4_5.jpg?ts=1685451966;https://www.paulimot.de/milwaukee-packout-organiser-slim;nová fotografie prodejce;True;"Fotografie prodejce; pouze soukromé studium, kopii nezveřejňovat."
4932464082;zdroje/doladeni-v3/4932464082/4932464082--Hero_1.jpg;https://static.milwaukeetool.eu/remote.axd/milwaukee-media-images.s3.amazonaws.com/hi/4932464082--Hero_1.jpg?v=52D83A4DA07ECE70AFF285E49646FFA8&width=1200;https://www.milwaukeetool.eu/en-eu/packout-organisers/packout-organisers/?variant=328220;hero;False;"Autorská fotografie výrobce; jen soukromé studium tvaru, nezveřejňovat kopii."
4932464082;zdroje/doladeni-v3/4932464082/4932464082--Hero_2.jpg;https://static.milwaukeetool.eu/remote.axd/milwaukee-media-images.s3.amazonaws.com/hi/4932464082--Hero_2.jpg?v=554AAB085E0C8972B76BD39BF7D1612C&width=1200;https://www.milwaukeetool.eu/en-eu/packout-organisers/packout-organisers/?variant=328220;hero;False;"Autorská fotografie výrobce; jen soukromé studium tvaru, nezveřejňovat kopii."
4932464082;zdroje/doladeni-v3/4932464082/4932464082--Hero_3.jpg;https://static.milwaukeetool.eu/remote.axd/milwaukee-media-images.s3.amazonaws.com/hi/4932464082--Hero_3.jpg?v=E2BC2C1EE4DA41546B76D42EA089D644&width=1200;https://www.milwaukeetool.eu/en-eu/packout-organisers/packout-organisers/?variant=328220;hero;False;"Autorská fotografie výrobce; jen soukromé studium tvaru, nezveřejňovat kopii."
4932464082;zdroje/doladeni-v3/4932464082/4932464082--Feat_1.jpg;https://static.milwaukeetool.eu/remote.axd/milwaukee-media-images.s3.amazonaws.com/hi/4932464082--Feat_1.jpg?v=CDB892048FD7195086A0289BB27003B8&width=1200;https://www.milwaukeetool.eu/en-eu/packout-organisers/packout-organisers/?variant=328220;feature;False;"Autorská fotografie výrobce; jen soukromé studium tvaru, nezveřejňovat kopii."
4932464082;zdroje/doladeni-v3/4932464082/4932464082--Feat_2.jpg;https://static.milwaukeetool.eu/remote.axd/milwaukee-media-images.s3.amazonaws.com/hi/4932464082--Feat_2.jpg?v=A40F4925DDBFA91106A05E96C1562B0C&width=1200;https://www.milwaukeetool.eu/en-eu/packout-organisers/packout-organisers/?variant=328220;feature;False;"Autorská fotografie výrobce; jen soukromé studium tvaru, nezveřejňovat kopii."
4932464082;zdroje/doladeni-v5/4932464082/2f2b9c266d-000001638101paulimot_4932464082_Milwaukee_PACKOUT_Organiser_1.jpg;https://paulimot-sw6.b-cdn.net/media/9b/7b/38/1685451508/000001638101paulimot_4932464082_Milwaukee_PACKOUT_Organiser_1.jpg?ts=1685451508;https://www.paulimot.de/milwaukee-packout-organiser;nová fotografie prodejce;True;"Fotografie prodejce; pouze soukromé studium, kopii nezveřejňovat."
4932464082;zdroje/doladeni-v5/4932464082/bc9c6dd67c-000001638101paulimot_4932464082_Milwaukee_PACKOUT_Organiser_1_2.jpg;https://paulimot-sw6.b-cdn.net/media/b0/d1/18/1685451510/000001638101paulimot_4932464082_Milwaukee_PACKOUT_Organiser_1_2.jpg?ts=1685451510;https://www.paulimot.de/milwaukee-packout-organiser;nová fotografie prodejce;True;"Fotografie prodejce; pouze soukromé studium, kopii nezveřejňovat."
4932464082;zdroje/doladeni-v5/4932464082/4f58be6b21-Photo007.jpg;https://www.tim.pl/media/wysiwyg/w360/0001-00018-63769/images/Photo007.jpg;https://www.tim.pl/organizer-narzedziowy-10-pojemnikow-na-akcesoria-packout-4932464082/p/0001-00018-63769;"spodek, přímý pohled; štítek obalu není součást výrobku";True;"Fotografie prodejce; pouze soukromé studium, kopii nezveřejňovat."
4932464082;zdroje/doladeni-v5/4932464082/TIM-Photo011.jpg;https://www.tim.pl/media/wysiwyg/w360/0001-00018-63769/images/Photo011.jpg;https://www.tim.pl/organizer-narzedziowy-10-pojemnikow-na-akcesoria-packout-4932464082/p/0001-00018-63769;šikmý pohled na víko nebo spodek;True;Fotografie prodejce, pouze soukromé studium.
4932464082;zdroje/doladeni-v5/4932464082/TIM-Photo002.jpg;https://www.tim.pl/media/wysiwyg/w360/0001-00018-63769/images/Photo002.jpg;https://www.tim.pl/organizer-narzedziowy-10-pojemnikow-na-akcesoria-packout-4932464082/p/0001-00018-63769;šikmý pohled na víko nebo spodek;True;Fotografie prodejce, pouze soukromé studium.
4932464082;zdroje/doladeni-v5/4932464082/TIM-Photo010.jpg;https://www.tim.pl/media/wysiwyg/w360/0001-00018-63769/images/Photo010.jpg;https://www.tim.pl/organizer-narzedziowy-10-pojemnikow-na-akcesoria-packout-4932464082/p/0001-00018-63769;levý bok, přímý pohled;True;Fotografie prodejce, pouze soukromé studium.
4932464082;zdroje/doladeni-v5/4932464082/TIM-Photo008.jpg;https://www.tim.pl/media/wysiwyg/w360/0001-00018-63769/images/Photo008.jpg;https://www.tim.pl/organizer-narzedziowy-10-pojemnikow-na-akcesoria-packout-4932464082/p/0001-00018-63769;šikmý pohled na víko nebo spodek;True;Fotografie prodejce, pouze soukromé studium.
4932464082;zdroje/doladeni-v5/4932464082/TIM-Photo001.jpg;https://www.tim.pl/media/wysiwyg/w360/0001-00018-63769/images/Photo001.jpg;https://www.tim.pl/organizer-narzedziowy-10-pojemnikow-na-akcesoria-packout-4932464082/p/0001-00018-63769;víko, přímý horní pohled;True;Fotografie prodejce, pouze soukromé studium.
4932464082;zdroje/doladeni-v5/4932464082/TIM-Photo003.jpg;https://www.tim.pl/media/wysiwyg/w360/0001-00018-63769/images/Photo003.jpg;https://www.tim.pl/organizer-narzedziowy-10-pojemnikow-na-akcesoria-packout-4932464082/p/0001-00018-63769;šikmý pohled na víko nebo spodek;True;Fotografie prodejce, pouze soukromé studium.
4932464082;zdroje/doladeni-v5/4932464082/TIM-Photo009.jpg;https://www.tim.pl/media/wysiwyg/w360/0001-00018-63769/images/Photo009.jpg;https://www.tim.pl/organizer-narzedziowy-10-pojemnikow-na-akcesoria-packout-4932464082/p/0001-00018-63769;šikmý pohled na víko nebo spodek;True;Fotografie prodejce, pouze soukromé studium.
4932464082;zdroje/doladeni-v5/4932464082/TIM-Photo004.jpg;https://www.tim.pl/media/wysiwyg/w360/0001-00018-63769/images/Photo004.jpg;https://www.tim.pl/organizer-narzedziowy-10-pojemnikow-na-akcesoria-packout-4932464082/p/0001-00018-63769;pravý bok, přímý pohled;True;Fotografie prodejce, pouze soukromé studium.
4932464082;zdroje/doladeni-v5/4932464082/TIM-Photo012.jpg;https://www.tim.pl/media/wysiwyg/w360/0001-00018-63769/images/Photo012.jpg;https://www.tim.pl/organizer-narzedziowy-10-pojemnikow-na-akcesoria-packout-4932464082/p/0001-00018-63769;šikmý pohled na víko nebo spodek;True;Fotografie prodejce, pouze soukromé studium.
4932464082;zdroje/doladeni-v5/4932464082/TIM-Photo006.jpg;https://www.tim.pl/media/wysiwyg/w360/0001-00018-63769/images/Photo006.jpg;https://www.tim.pl/organizer-narzedziowy-10-pojemnikow-na-akcesoria-packout-4932464082/p/0001-00018-63769;šikmý pohled na víko nebo spodek;True;Fotografie prodejce, pouze soukromé studium.
4932464082;zdroje/doladeni-v5/4932464082/TIM-Photo005.jpg;https://www.tim.pl/media/wysiwyg/w360/0001-00018-63769/images/Photo005.jpg;https://www.tim.pl/organizer-narzedziowy-10-pojemnikow-na-akcesoria-packout-4932464082/p/0001-00018-63769;šikmý pohled na víko nebo spodek;True;Fotografie prodejce, pouze soukromé studium.
4932471065;zdroje/doladeni-v3/4932471065/4932471065--Hero_1.jpg;https://static.milwaukeetool.eu/remote.axd/milwaukee-media-images.s3.amazonaws.com/hi/4932471065--Hero_1.jpg?v=A0BBD83F9F21F2E6F88603170E84EC44&width=1200;https://www.milwaukeetool.eu/en-eu/packout-organisers/packout-organisers/?variant=382584;hero;False;"Autorská fotografie výrobce; jen soukromé studium tvaru, nezveřejňovat kopii."
4932471065;zdroje/doladeni-v3/4932471065/4932471065--Hero_2.jpg;https://static.milwaukeetool.eu/remote.axd/milwaukee-media-images.s3.amazonaws.com/hi/4932471065--Hero_2.jpg?v=F42507B01C5B04C4B68AF9A30122347A&width=1200;https://www.milwaukeetool.eu/en-eu/packout-organisers/packout-organisers/?variant=382584;hero;False;"Autorská fotografie výrobce; jen soukromé studium tvaru, nezveřejňovat kopii."
4932471065;zdroje/doladeni-v3/4932471065/4932471065--Hero_3.jpg;https://static.milwaukeetool.eu/remote.axd/milwaukee-media-images.s3.amazonaws.com/hi/4932471065--Hero_3.jpg?v=85566297FE84D01A4A22B250AB8BB93A&width=1200;https://www.milwaukeetool.eu/en-eu/packout-organisers/packout-organisers/?variant=382584;hero;False;"Autorská fotografie výrobce; jen soukromé studium tvaru, nezveřejňovat kopii."
4932471065;zdroje/doladeni-v3/4932471065/4932471065--App_1.jpg;https://static.milwaukeetool.eu/remote.axd/milwaukee-media-images.s3.amazonaws.com/hi_no_padding/4932471065--App_1.jpg?v=B1C94EED134F4C0D88AD6753609A5938&width=1200;https://www.milwaukeetool.eu/en-eu/packout-organisers/packout-organisers/?variant=382584;app;False;"Autorská fotografie výrobce; jen soukromé studium tvaru, nezveřejňovat kopii."
4932471065;zdroje/doladeni-v3/4932471065/4932471065--App_2.jpg;https://static.milwaukeetool.eu/remote.axd/milwaukee-media-images.s3.amazonaws.com/hi_no_padding/4932471065--App_2.jpg?v=E0E73539BC61B528646B59E768C029C4&width=1200;https://www.milwaukeetool.eu/en-eu/packout-organisers/packout-organisers/?variant=382584;app;False;"Autorská fotografie výrobce; jen soukromé studium tvaru, nezveřejňovat kopii."
4932471065;zdroje/doladeni-v5/4932471065/989d0fae5d-DE_4932471065_0-800x800.jpg;https://www.stavbaeu.sk//image/cache/data/products/D/DE_4932471065_0-800x800.jpg;https://www.stavbaeu.sk/milwaukee-packout-slim-kompaktny-organizer-4932471065-235267;nová fotografie prodejce;True;"Fotografie prodejce; pouze soukromé studium, kopii nezveřejňovat."
4932471065;zdroje/doladeni-v5/4932471065/1fa76a9622-0000016384014932471065_paulimot_Milwaukee_PACKOUT_Organiser_Slim_Compact_1.jpg;https://paulimot-sw6.b-cdn.net/media/5b/9c/ba/1685450301/0000016384014932471065_paulimot_Milwaukee_PACKOUT_Organiser_Slim_Compact_1.jpg?ts=1685450301;https://www.paulimot.de/en-gb/milwaukee-packout-organiser-slim-compact;nová fotografie prodejce;True;"Fotografie prodejce; pouze soukromé studium, kopii nezveřejňovat."
4932471065;zdroje/doladeni-v5/4932471065/460bdf8566-0000016384014932471065_paulimot_Milwaukee_PACKOUT_Organiser_Slim_Compact_1_2.jpg;https://paulimot-sw6.b-cdn.net/media/bf/8a/f6/1685450303/0000016384014932471065_paulimot_Milwaukee_PACKOUT_Organiser_Slim_Compact_1_2.jpg?ts=1685450303;https://www.paulimot.de/en-gb/milwaukee-packout-organiser-slim-compact;nová fotografie prodejce;True;"Fotografie prodejce; pouze soukromé studium, kopii nezveřejňovat."
4932471065;zdroje/doladeni-v5/4932471065/354f3f7f51-0000016384014932471065_paulimot_Milwaukee_PACKOUT_Organiser_Slim_Compact_2_3.jpg;https://paulimot-sw6.b-cdn.net/media/cd/9f/49/1685450305/0000016384014932471065_paulimot_Milwaukee_PACKOUT_Organiser_Slim_Compact_2_3.jpg?ts=1685450305;https://www.paulimot.de/en-gb/milwaukee-packout-organiser-slim-compact;nová fotografie prodejce;True;"Fotografie prodejce; pouze soukromé studium, kopii nezveřejňovat."
4932471065;zdroje/doladeni-v5/4932471065/88c239d853-0000016384014932471065_paulimot_Milwaukee_PACKOUT_Organiser_Slim_Compact_3_4.jpg;https://paulimot-sw6.b-cdn.net/media/9d/e6/a4/1685450306/0000016384014932471065_paulimot_Milwaukee_PACKOUT_Organiser_Slim_Compact_3_4.jpg?ts=1685450306;https://www.paulimot.de/en-gb/milwaukee-packout-organiser-slim-compact;nová fotografie prodejce;True;"Fotografie prodejce; pouze soukromé studium, kopii nezveřejňovat."
4932471065;zdroje/doladeni-v5/4932471065/5c8ac90025-DE_4932471065_1-800x800.jpg;https://www.stavbaeu.sk/image/cache/data/productsdetail/D/DE_4932471065_1-800x800.jpg;https://www.stavbaeu.sk/milwaukee-packout-slim-kompaktny-organizer-4932471065-235267;nová fotografie prodejce;True;"Fotografie prodejce; pouze soukromé studium, kopii nezveřejňovat."
4932471065;zdroje/doladeni-v5/4932471065/88c51a5c60-DE_4932471065_2-800x800.jpg;https://www.stavbaeu.sk/image/cache/data/productsdetail/D/DE_4932471065_2-800x800.jpg;https://www.stavbaeu.sk/milwaukee-packout-slim-kompaktny-organizer-4932471065-235267;otevřený kompaktní organizér, shora;True;"Fotografie prodejce; pouze soukromé studium, kopii nezveřejňovat."
4932471065;zdroje/doladeni-v5/4932471065/57f1ee1a24-DE_4932471065_3-800x800.jpg;https://www.stavbaeu.sk/image/cache/data/productsdetail/D/DE_4932471065_3-800x800.jpg;https://www.stavbaeu.sk/milwaukee-packout-slim-kompaktny-organizer-4932471065-235267;spodek kompaktního organizéru, přímý pohled;True;"Fotografie prodejce; pouze soukromé studium, kopii nezveřejňovat."
4932478625;zdroje/doladeni-v3/4932478625/4932478625--Hero_1.jpg;https://static.milwaukeetool.eu/remote.axd/milwaukee-media-images.s3.amazonaws.com/hi/4932478625--Hero_1.jpg?v=E642CA1EB0DDE450E778625DE09D9B87&width=1200;https://www.milwaukeetool.eu/en-eu/packout-organisers/packout-organisers/?variant=537715;hero;False;"Autorská fotografie výrobce; jen soukromé studium tvaru, nezveřejňovat kopii."
4932478625;zdroje/doladeni-v3/4932478625/4932478625--Hero_2.jpg;https://static.milwaukeetool.eu/remote.axd/milwaukee-media-images.s3.amazonaws.com/hi/4932478625--Hero_2.jpg?v=0E6A61C6C80F227F64DE49C46E63601D&width=1200;https://www.milwaukeetool.eu/en-eu/packout-organisers/packout-organisers/?variant=537715;hero;False;"Autorská fotografie výrobce; jen soukromé studium tvaru, nezveřejňovat kopii."
4932478625;zdroje/doladeni-v3/4932478625/4932478625--Hero_3.jpg;https://static.milwaukeetool.eu/remote.axd/milwaukee-media-images.s3.amazonaws.com/hi/4932478625--Hero_3.jpg?v=90F98F0FE8BCEB3BAB9AD7766D3388B0&width=1200;https://www.milwaukeetool.eu/en-eu/packout-organisers/packout-organisers/?variant=537715;hero;False;"Autorská fotografie výrobce; jen soukromé studium tvaru, nezveřejňovat kopii."
4932478625;zdroje/doladeni-v3/4932478625/4932478625--Hero_4.jpg;https://static.milwaukeetool.eu/remote.axd/milwaukee-media-images.s3.amazonaws.com/hi/4932478625--Hero_4.jpg?v=9E74C1B5D599CB4ADFF1EDE867E014DA&width=1200;https://www.milwaukeetool.eu/en-eu/packout-organisers/packout-organisers/?variant=537715;hero;False;"Autorská fotografie výrobce; jen soukromé studium tvaru, nezveřejňovat kopii."
4932478625;zdroje/doladeni-v3/4932478625/4932478625--App_1.jpg;https://static.milwaukeetool.eu/remote.axd/milwaukee-media-images.s3.amazonaws.com/hi_no_padding/4932478625--App_1.jpg?v=33E27321B413982BB9025B248F3FBC16&width=1200;https://www.milwaukeetool.eu/en-eu/packout-organisers/packout-organisers/?variant=537715;app;False;"Autorská fotografie výrobce; jen soukromé studium tvaru, nezveřejňovat kopii."
4932478625;zdroje/doladeni-v3/4932478625/4932478625--App_2.jpg;https://static.milwaukeetool.eu/remote.axd/milwaukee-media-images.s3.amazonaws.com/hi_no_padding/4932478625--App_2.jpg?v=7A67293CBCA52ED91622B042D514D53A&width=1200;https://www.milwaukeetool.eu/en-eu/packout-organisers/packout-organisers/?variant=537715;app;False;"Autorská fotografie výrobce; jen soukromé studium tvaru, nezveřejňovat kopii."
4932478625;zdroje/doladeni-v3/4932478625/4932478625--App_3.jpg;https://static.milwaukeetool.eu/remote.axd/milwaukee-media-images.s3.amazonaws.com/hi_no_padding/4932478625--App_3.jpg?v=6E1DB0FC3349D4DACA02DA9F8AE47AA8&width=1200;https://www.milwaukeetool.eu/en-eu/packout-organisers/packout-organisers/?variant=537715;app;False;"Autorská fotografie výrobce; jen soukromé studium tvaru, nezveřejňovat kopii."
4932478625;zdroje/doladeni-v3/4932478625/4932478625--App_4.jpg;https://static.milwaukeetool.eu/remote.axd/milwaukee-media-images.s3.amazonaws.com/hi_no_padding/4932478625--App_4.jpg?v=548C58BC4E01AB58B5D2F7A396078924&width=1200;https://www.milwaukeetool.eu/en-eu/packout-organisers/packout-organisers/?variant=537715;appNoPadding;False;"Autorská fotografie výrobce; jen soukromé studium tvaru, nezveřejňovat kopii."
4932478625;zdroje/doladeni-v3/4932478625/4932478625--App_5.jpg;https://static.milwaukeetool.eu/remote.axd/milwaukee-media-images.s3.amazonaws.com/hi_no_padding/4932478625--App_5.jpg?v=3C6C5F853325F5AAAF1CEB46A4738FBF&width=1200;https://www.milwaukeetool.eu/en-eu/packout-organisers/packout-organisers/?variant=537715;appNoPadding;False;"Autorská fotografie výrobce; jen soukromé studium tvaru, nezveřejňovat kopii."
4932478625;zdroje/doladeni-v3/4932478625/4932478625--App_6.jpg;https://static.milwaukeetool.eu/remote.axd/milwaukee-media-images.s3.amazonaws.com/hi_no_padding/4932478625--App_6.jpg?v=17BDF08E4943A31FBD701C89CAE873A0&width=1200;https://www.milwaukeetool.eu/en-eu/packout-organisers/packout-organisers/?variant=537715;appNoPadding;False;"Autorská fotografie výrobce; jen soukromé studium tvaru, nezveřejňovat kopii."
4932478625;zdroje/doladeni-v5/4932478625/de22f2290e-4932478625_50f98411b3.jpg;https://powertoolmate.2dimg.com/4/4932478625_50f98411b3.jpg;https://www.powertoolmate.co.uk/storage/milwaukee-packout-storage/milwaukee-packout-deep-organiser-4932478625.htm;nová fotografie prodejce;True;"Fotografie prodejce; pouze soukromé studium, kopii nezveřejňovat."
4932478625;zdroje/doladeni-v5/4932478625/82131b5747-4932478625-2_49243f7f08.jpg;https://powertoolmate.2dimg.com/4/4932478625-2_49243f7f08.jpg;https://www.powertoolmate.co.uk/storage/milwaukee-packout-storage/milwaukee-packout-deep-organiser-4932478625.htm;nová fotografie prodejce;True;"Fotografie prodejce; pouze soukromé studium, kopii nezveřejňovat."
4932478625;zdroje/doladeni-v5/4932478625/745e34c4d7-000001638501paulimot_4932478625_Milwaukee_PACKOUT_Organiser_tief_1.jpg;https://paulimot-sw6.b-cdn.net/media/85/d3/64/1741610800/000001638501paulimot_4932478625_Milwaukee_PACKOUT_Organiser_tief_1.jpg?ts=1741610800;https://www.paulimot.de/milwaukee-packout-organiser-tief;nová fotografie prodejce;True;"Fotografie prodejce; pouze soukromé studium, kopii nezveřejňovat."
4932478625;zdroje/doladeni-v5/4932478625/4811c61942-000001638501paulimot_4932478625_Milwaukee_PACKOUT_Organiser_tief_1_2.jpg;https://paulimot-sw6.b-cdn.net/media/6b/80/94/1741610802/000001638501paulimot_4932478625_Milwaukee_PACKOUT_Organiser_tief_1_2.jpg?ts=1741610802;https://www.paulimot.de/milwaukee-packout-organiser-tief;nová fotografie prodejce;True;"Fotografie prodejce; pouze soukromé studium, kopii nezveřejňovat."
4932478625;zdroje/doladeni-v5/4932478625/9b54fcbd39-000001638501paulimot_4932478625_Milwaukee_PACKOUT_Organiser_tief_3_3.jpg;https://paulimot-sw6.b-cdn.net/media/d8/33/88/1741610804/000001638501paulimot_4932478625_Milwaukee_PACKOUT_Organiser_tief_3_3.jpg?ts=1741610804;https://www.paulimot.de/milwaukee-packout-organiser-tief;nová fotografie prodejce;True;"Fotografie prodejce; pouze soukromé studium, kopii nezveřejňovat."
4932478625;zdroje/doladeni-v5/4932478625/3a2f90973b-000001638501paulimot_4932478625_Milwaukee_PACKOUT_Organiser_tief_2_4.jpg;https://paulimot-sw6.b-cdn.net/media/5b/64/3d/1741610806/000001638501paulimot_4932478625_Milwaukee_PACKOUT_Organiser_tief_2_4.jpg?ts=1741610806;https://www.paulimot.de/milwaukee-packout-organiser-tief;nová fotografie prodejce;True;"Fotografie prodejce; pouze soukromé studium, kopii nezveřejňovat."
4932478625;zdroje/doladeni-v5/4932478625/d2c593843c-000001638501paulimot_4932478625_Milwaukee_PACKOUT_Organiser_tief_4_5.jpg;https://paulimot-sw6.b-cdn.net/media/18/40/34/1741610808/000001638501paulimot_4932478625_Milwaukee_PACKOUT_Organiser_tief_4_5.jpg?ts=1741610808;https://www.paulimot.de/milwaukee-packout-organiser-tief;nová fotografie prodejce;True;"Fotografie prodejce; pouze soukromé studium, kopii nezveřejňovat."
4932478625;zdroje/doladeni-v5/4932478625/af5349da87-000001638501paulimot_4932478625_Milwaukee_PACKOUT_Organiser_tief_5_6.jpg;https://paulimot-sw6.b-cdn.net/media/86/08/04/1741610811/000001638501paulimot_4932478625_Milwaukee_PACKOUT_Organiser_tief_5_6.jpg?ts=1741610811;https://www.paulimot.de/milwaukee-packout-organiser-tief;nová fotografie prodejce;True;"Fotografie prodejce; pouze soukromé studium, kopii nezveřejňovat."
4932478625;zdroje/doladeni-v5/4932478625/aee36a21bf-000001638501paulimot_4932478625_Milwaukee_PACKOUT_Organiser_tief_6_7.jpg;https://paulimot-sw6.b-cdn.net/media/48/be/35/1741610813/000001638501paulimot_4932478625_Milwaukee_PACKOUT_Organiser_tief_6_7.jpg?ts=1741610813;https://www.paulimot.de/milwaukee-packout-organiser-tief;nová fotografie prodejce;True;"Fotografie prodejce; pouze soukromé studium, kopii nezveřejňovat."
4932498323;zdroje/doladeni-v3/4932498323/4932498323--Hero_1.jpg;https://static.milwaukeetool.eu/remote.axd/milwaukee-media-images.s3.amazonaws.com/hi/4932498323--Hero_1.jpg?v=42F2D462CAB6790176C54AC232D81B1A&width=1200;https://www.milwaukeetool.eu/en-eu/packout-tip-bin-organiser/packout-tip-bin-organiser/?variant=1054317;hero;False;"Autorská fotografie výrobce; jen soukromé studium tvaru, nezveřejňovat kopii."
4932498323;zdroje/doladeni-v3/4932498323/4932498323--Hero_2.jpg;https://static.milwaukeetool.eu/remote.axd/milwaukee-media-images.s3.amazonaws.com/hi/4932498323--Hero_2.jpg?v=829ECDD38F411526B19FBB88D41509A9&width=1200;https://www.milwaukeetool.eu/en-eu/packout-tip-bin-organiser/packout-tip-bin-organiser/?variant=1054317;hero;False;"Autorská fotografie výrobce; jen soukromé studium tvaru, nezveřejňovat kopii."
4932498323;zdroje/doladeni-v3/4932498323/4932498323--Hero_3.jpg;https://static.milwaukeetool.eu/remote.axd/milwaukee-media-images.s3.amazonaws.com/hi/4932498323--Hero_3.jpg?v=CA7F78ADBF5BE1DB22AC04858EB96D5F&width=1200;https://www.milwaukeetool.eu/en-eu/packout-tip-bin-organiser/packout-tip-bin-organiser/?variant=1054317;hero;False;"Autorská fotografie výrobce; jen soukromé studium tvaru, nezveřejňovat kopii."
4932498323;zdroje/doladeni-v3/4932498323/4932498323--Hero_4.jpg;https://static.milwaukeetool.eu/remote.axd/milwaukee-media-images.s3.amazonaws.com/hi/4932498323--Hero_4.jpg?v=FFD8FE973EFD0F6DD9F9D5B826210F57&width=1200;https://www.milwaukeetool.eu/en-eu/packout-tip-bin-organiser/packout-tip-bin-organiser/?variant=1054317;hero;False;"Autorská fotografie výrobce; jen soukromé studium tvaru, nezveřejňovat kopii."
4932498323;zdroje/doladeni-v3/4932498323/4932498323--Hero_5.jpg;https://static.milwaukeetool.eu/remote.axd/milwaukee-media-images.s3.amazonaws.com/hi/4932498323--Hero_5.jpg?v=499A980633965E52A34673BA5AD9F3EF&width=1200;https://www.milwaukeetool.eu/en-eu/packout-tip-bin-organiser/packout-tip-bin-organiser/?variant=1054317;hero;False;"Autorská fotografie výrobce; jen soukromé studium tvaru, nezveřejňovat kopii."
4932498323;zdroje/doladeni-v3/4932498323/4932498323--Hero_6.jpg;https://static.milwaukeetool.eu/remote.axd/milwaukee-media-images.s3.amazonaws.com/hi/4932498323--Hero_6.jpg?v=A9831246AA2A9B64762CB5B41430EF78&width=1200;https://www.milwaukeetool.eu/en-eu/packout-tip-bin-organiser/packout-tip-bin-organiser/?variant=1054317;hero;False;"Autorská fotografie výrobce; jen soukromé studium tvaru, nezveřejňovat kopii."
4932498323;zdroje/doladeni-v3/4932498323/4932498323--Feat_1.jpg;https://static.milwaukeetool.eu/remote.axd/milwaukee-media-images.s3.amazonaws.com/hi/4932498323--Feat_1.jpg?v=3B45EF0257554BCEF99AC1BB2E1E95F5&width=1200;https://www.milwaukeetool.eu/en-eu/packout-tip-bin-organiser/packout-tip-bin-organiser/?variant=1054317;feature;False;"Autorská fotografie výrobce; jen soukromé studium tvaru, nezveřejňovat kopii."
4932498323;zdroje/doladeni-v3/4932498323/4932498323--Feat_2.jpg;https://static.milwaukeetool.eu/remote.axd/milwaukee-media-images.s3.amazonaws.com/hi/4932498323--Feat_2.jpg?v=8E5EACEE06BB016282FBC1F0C36DAB5F&width=1200;https://www.milwaukeetool.eu/en-eu/packout-tip-bin-organiser/packout-tip-bin-organiser/?variant=1054317;feature;False;"Autorská fotografie výrobce; jen soukromé studium tvaru, nezveřejňovat kopii."
4932498323;zdroje/doladeni-v3/4932498323/4932498323--Feat_3.jpg;https://static.milwaukeetool.eu/remote.axd/milwaukee-media-images.s3.amazonaws.com/hi/4932498323--Feat_3.jpg?v=295A3E6612815AC6E37390FD56A68D5E&width=1200;https://www.milwaukeetool.eu/en-eu/packout-tip-bin-organiser/packout-tip-bin-organiser/?variant=1054317;feature;False;"Autorská fotografie výrobce; jen soukromé studium tvaru, nezveřejňovat kopii."
4932498323;zdroje/doladeni-v3/4932498323/4932498323--Feat_4.jpg;https://static.milwaukeetool.eu/remote.axd/milwaukee-media-images.s3.amazonaws.com/hi/4932498323--Feat_4.jpg?v=117D7062793A3D3ED499245BB6465C4C&width=1200;https://www.milwaukeetool.eu/en-eu/packout-tip-bin-organiser/packout-tip-bin-organiser/?variant=1054317;feature;False;"Autorská fotografie výrobce; jen soukromé studium tvaru, nezveřejňovat kopii."
4932498323;zdroje/doladeni-v3/4932498323/4932498323--Feat_5.jpg;https://static.milwaukeetool.eu/remote.axd/milwaukee-media-images.s3.amazonaws.com/hi/4932498323--Feat_5.jpg?v=860C70029C842E88AB2DA3D2A27BA2A0&width=1200;https://www.milwaukeetool.eu/en-eu/packout-tip-bin-organiser/packout-tip-bin-organiser/?variant=1054317;feature;False;"Autorská fotografie výrobce; jen soukromé studium tvaru, nezveřejňovat kopii."
4932498323;zdroje/doladeni-v3/4932498323/4932498323--App_1.jpg;https://static.milwaukeetool.eu/remote.axd/milwaukee-media-images.s3.amazonaws.com/hi_no_padding/4932498323--App_1.jpg?v=7D2B31F1D281E72353FDEF0D12CF0740&width=1200;https://www.milwaukeetool.eu/en-eu/packout-tip-bin-organiser/packout-tip-bin-organiser/?variant=1054317;app;False;"Autorská fotografie výrobce; jen soukromé studium tvaru, nezveřejňovat kopii."
4932498323;zdroje/doladeni-v5/4932498323/elglobal-294725-1_4932498323-hero-2.jpg;https://cdn.myshoptet.com/usr/www.elglobal.cz/user/shop/big/294725-1_4932498323-hero-2.jpg?ff=1&x=1024&y=768&q=85&ts=698df604&sg=161563f2;https://www.elglobal.cz/packout--organizer-s-vyklapecimi-boxy/;nový zdroj CZ: šikmý a čelní pohled;True;"Fotografie prodejce; pouze soukromé studium."
4932498323;zdroje/doladeni-v5/4932498323/elglobal-294725-3_4932498323-hero-4.jpg;https://cdn.myshoptet.com/usr/www.elglobal.cz/user/shop/big/294725-3_4932498323-hero-4.jpg?ff=1&x=1024&y=768&q=85&ts=698df604&sg=161563f2;https://www.elglobal.cz/packout--organizer-s-vyklapecimi-boxy/;nový zdroj CZ: šikmý a čelní pohled;True;"Fotografie prodejce; pouze soukromé studium."
4932498323;zdroje/doladeni-v5/4932498323/elglobal-294725-4_4932498323-hero-5.jpg;https://cdn.myshoptet.com/usr/www.elglobal.cz/user/shop/big/294725-4_4932498323-hero-5.jpg?ff=1&x=1024&y=768&q=85&ts=698df604&sg=161563f2;https://www.elglobal.cz/packout--organizer-s-vyklapecimi-boxy/;nový zdroj CZ: šikmý a čelní pohled;True;"Fotografie prodejce; pouze soukromé studium."
