fotky/4932471064/c01.jpg	https://static.milwaukeetool.eu/remote.axd/milwaukee-media-images.s3.amazonaws.com/hi/4932471064--Hero_1.jpg?v=55E43BEFDC4E2D5281B2C237F84EC745&width=1200
fotky/4932471064/c02.jpg	https://static.milwaukeetool.eu/remote.axd/milwaukee-media-images.s3.amazonaws.com/hi/4932471064--Hero_2.jpg?v=A55CEF966FCE746A28ABABA8787A2AC7&width=1200
fotky/4932471064/c03.jpg	https://static.milwaukeetool.eu/remote.axd/milwaukee-media-images.s3.amazonaws.com/hi/4932471064--Hero_3.jpg?v=85E36FFF72BB85994F3A216911DD5684&width=1200
fotky/4932471064/c04.jpg	https://static.milwaukeetool.eu/remote.axd/milwaukee-media-images.s3.amazonaws.com/hi/4932471064--Hero_4.jpg?v=8E1C4A23582816DDAAB88C9BCBC7D896&width=1200
fotky/4932471064/c05.jpg	https://static.milwaukeetool.eu/remote.axd/milwaukee-media-images.s3.amazonaws.com/hi_no_padding/4932471064--App_1.jpg?v=9481D75C261F826677C0CB6D228504DA&width=1200
fotky/4932471064/c06.jpg	https://static.milwaukeetool.eu/remote.axd/milwaukee-media-images.s3.amazonaws.com/hi_no_padding/4932471064--App_2.jpg?v=3236776D1B83D5E94BE094B6983381CF&width=1200
fotky/4932471064/c07.jpg	https://paulimot-sw6.b-cdn.net/media/1b/b4/4a/1685451957/000001638301paulimot_4932471064_Milwaukee_PACKOUT_Organiser_Slim_1.jpg?ts=1685451957
fotky/4932471064/c08.jpg	https://paulimot-sw6.b-cdn.net/media/9b/02/3b/1685451960/000001638301paulimot_4932471064_Milwaukee_PACKOUT_Organiser_Slim_1_2.jpg?ts=1685451960
fotky/4932471064/c09.jpg	https://paulimot-sw6.b-cdn.net/media/e8/f9/25/1685451962/000001638301paulimot_4932471064_Milwaukee_PACKOUT_Organiser_Slim_2_3.jpg?ts=1685451962
fotky/4932471064/c10.jpg	https://paulimot-sw6.b-cdn.net/media/cb/ea/71/1685451964/000001638301paulimot_4932471064_Milwaukee_PACKOUT_Organiser_Slim_3_4.jpg?ts=1685451964
fotky/4932471064/c11.jpg	https://paulimot-sw6.b-cdn.net/media/41/bc/dd/1685451966/000001638301paulimot_4932471064_Milwaukee_PACKOUT_Organiser_Slim_4_5.jpg?ts=1685451966
fotky/4932464082/c01.jpg	https://static.milwaukeetool.eu/remote.axd/milwaukee-media-images.s3.amazonaws.com/hi/4932464082--Hero_1.jpg?v=52D83A4DA07ECE70AFF285E49646FFA8&width=1200
fotky/4932464082/c02.jpg	https://static.milwaukeetool.eu/remote.axd/milwaukee-media-images.s3.amazonaws.com/hi/4932464082--Hero_2.jpg?v=554AAB085E0C8972B76BD39BF7D1612C&width=1200
fotky/4932464082/c03.jpg	https://static.milwaukeetool.eu/remote.axd/milwaukee-media-images.s3.amazonaws.com/hi/4932464082--Hero_3.jpg?v=E2BC2C1EE4DA41546B76D42EA089D644&width=1200
fotky/4932464082/c04.jpg	https://static.milwaukeetool.eu/remote.axd/milwaukee-media-images.s3.amazonaws.com/hi/4932464082--Feat_1.jpg?v=CDB892048FD7195086A0289BB27003B8&width=1200
fotky/4932464082/c05.jpg	https://static.milwaukeetool.eu/remote.axd/milwaukee-media-images.s3.amazonaws.com/hi/4932464082--Feat_2.jpg?v=A40F4925DDBFA91106A05E96C1562B0C&width=1200
fotky/4932464082/c06.jpg	https://paulimot-sw6.b-cdn.net/media/9b/7b/38/1685451508/000001638101paulimot_4932464082_Milwaukee_PACKOUT_Organiser_1.jpg?ts=1685451508
fotky/4932464082/c07.jpg	https://paulimot-sw6.b-cdn.net/media/b0/d1/18/1685451510/000001638101paulimot_4932464082_Milwaukee_PACKOUT_Organiser_1_2.jpg?ts=1685451510
fotky/4932464082/c08.jpg	https://www.tim.pl/media/wysiwyg/w360/0001-00018-63769/images/Photo007.jpg
fotky/4932464082/c09.jpg	https://www.tim.pl/media/wysiwyg/w360/0001-00018-63769/images/Photo011.jpg
fotky/4932464082/c10.jpg	https://www.tim.pl/media/wysiwyg/w360/0001-00018-63769/images/Photo002.jpg
fotky/4932464082/c11.jpg	https://www.tim.pl/media/wysiwyg/w360/0001-00018-63769/images/Photo010.jpg
fotky/4932464082/c12.jpg	https://www.tim.pl/media/wysiwyg/w360/0001-00018-63769/images/Photo008.jpg
fotky/4932464082/c13.jpg	https://www.tim.pl/media/wysiwyg/w360/0001-00018-63769/images/Photo001.jpg
fotky/4932464082/c14.jpg	https://www.tim.pl/media/wysiwyg/w360/0001-00018-63769/images/Photo003.jpg
fotky/4932464082/c15.jpg	https://www.tim.pl/media/wysiwyg/w360/0001-00018-63769/images/Photo009.jpg
fotky/4932464082/c16.jpg	https://www.tim.pl/media/wysiwyg/w360/0001-00018-63769/images/Photo004.jpg
fotky/4932464082/c17.jpg	https://www.tim.pl/media/wysiwyg/w360/0001-00018-63769/images/Photo012.jpg
fotky/4932464082/c18.jpg	https://www.tim.pl/media/wysiwyg/w360/0001-00018-63769/images/Photo006.jpg
fotky/4932464082/c19.jpg	https://www.tim.pl/media/wysiwyg/w360/0001-00018-63769/images/Photo005.jpg
fotky/4932471065/c01.jpg	https://static.milwaukeetool.eu/remote.axd/milwaukee-media-images.s3.amazonaws.com/hi/4932471065--Hero_1.jpg?v=A0BBD83F9F21F2E6F88603170E84EC44&width=1200
fotky/4932471065/c02.jpg	https://static.milwaukeetool.eu/remote.axd/milwaukee-media-images.s3.amazonaws.com/hi/4932471065--Hero_2.jpg?v=F42507B01C5B04C4B68AF9A30122347A&width=1200
fotky/4932471065/c03.jpg	https://static.milwaukeetool.eu/remote.axd/milwaukee-media-images.s3.amazonaws.com/hi/4932471065--Hero_3.jpg?v=85566297FE84D01A4A22B250AB8BB93A&width=1200
fotky/4932471065/c04.jpg	https://static.milwaukeetool.eu/remote.axd/milwaukee-media-images.s3.amazonaws.com/hi_no_padding/4932471065--App_1.jpg?v=B1C94EED134F4C0D88AD6753609A5938&width=1200
fotky/4932471065/c05.jpg	https://static.milwaukeetool.eu/remote.axd/milwaukee-media-images.s3.amazonaws.com/hi_no_padding/4932471065--App_2.jpg?v=E0E73539BC61B528646B59E768C029C4&width=1200
fotky/4932471065/c06.jpg	https://www.stavbaeu.sk//image/cache/data/products/D/DE_4932471065_0-800x800.jpg
fotky/4932471065/c07.jpg	https://paulimot-sw6.b-cdn.net/media/5b/9c/ba/1685450301/0000016384014932471065_paulimot_Milwaukee_PACKOUT_Organiser_Slim_Compact_1.jpg?ts=1685450301
fotky/4932471065/c08.jpg	https://paulimot-sw6.b-cdn.net/media/bf/8a/f6/1685450303/0000016384014932471065_paulimot_Milwaukee_PACKOUT_Organiser_Slim_Compact_1_2.jpg?ts=1685450303
fotky/4932471065/c09.jpg	https://paulimot-sw6.b-cdn.net/media/cd/9f/49/1685450305/0000016384014932471065_paulimot_Milwaukee_PACKOUT_Organiser_Slim_Compact_2_3.jpg?ts=1685450305
fotky/4932471065/c10.jpg	https://paulimot-sw6.b-cdn.net/media/9d/e6/a4/1685450306/0000016384014932471065_paulimot_Milwaukee_PACKOUT_Organiser_Slim_Compact_3_4.jpg?ts=1685450306
fotky/4932471065/c11.jpg	https://www.stavbaeu.sk/image/cache/data/productsdetail/D/DE_4932471065_1-800x800.jpg
fotky/4932471065/c12.jpg	https://www.stavbaeu.sk/image/cache/data/productsdetail/D/DE_4932471065_2-800x800.jpg
fotky/4932471065/c13.jpg	https://www.stavbaeu.sk/image/cache/data/productsdetail/D/DE_4932471065_3-800x800.jpg
fotky/4932478625/c01.jpg	https://static.milwaukeetool.eu/remote.axd/milwaukee-media-images.s3.amazonaws.com/hi/4932478625--Hero_1.jpg?v=E642CA1EB0DDE450E778625DE09D9B87&width=1200
fotky/4932478625/c02.jpg	https://static.milwaukeetool.eu/remote.axd/milwaukee-media-images.s3.amazonaws.com/hi/4932478625--Hero_2.jpg?v=0E6A61C6C80F227F64DE49C46E63601D&width=1200
fotky/4932478625/c03.jpg	https://static.milwaukeetool.eu/remote.axd/milwaukee-media-images.s3.amazonaws.com/hi/4932478625--Hero_3.jpg?v=90F98F0FE8BCEB3BAB9AD7766D3388B0&width=1200
fotky/4932478625/c04.jpg	https://static.milwaukeetool.eu/remote.axd/milwaukee-media-images.s3.amazonaws.com/hi/4932478625--Hero_4.jpg?v=9E74C1B5D599CB4ADFF1EDE867E014DA&width=1200
fotky/4932478625/c05.jpg	https://static.milwaukeetool.eu/remote.axd/milwaukee-media-images.s3.amazonaws.com/hi_no_padding/4932478625--App_1.jpg?v=33E27321B413982BB9025B248F3FBC16&width=1200
fotky/4932478625/c06.jpg	https://static.milwaukeetool.eu/remote.axd/milwaukee-media-images.s3.amazonaws.com/hi_no_padding/4932478625--App_2.jpg?v=7A67293CBCA52ED91622B042D514D53A&width=1200
fotky/4932478625/c07.jpg	https://static.milwaukeetool.eu/remote.axd/milwaukee-media-images.s3.amazonaws.com/hi_no_padding/4932478625--App_3.jpg?v=6E1DB0FC3349D4DACA02DA9F8AE47AA8&width=1200
fotky/4932478625/c08.jpg	https://static.milwaukeetool.eu/remote.axd/milwaukee-media-images.s3.amazonaws.com/hi_no_padding/4932478625--App_4.jpg?v=548C58BC4E01AB58B5D2F7A396078924&width=1200
fotky/4932478625/c09.jpg	https://static.milwaukeetool.eu/remote.axd/milwaukee-media-images.s3.amazonaws.com/hi_no_padding/4932478625--App_5.jpg?v=3C6C5F853325F5AAAF1CEB46A4738FBF&width=1200
fotky/4932478625/c10.jpg	https://static.milwaukeetool.eu/remote.axd/milwaukee-media-images.s3.amazonaws.com/hi_no_padding/4932478625--App_6.jpg?v=17BDF08E4943A31FBD701C89CAE873A0&width=1200
fotky/4932478625/c11.jpg	https://powertoolmate.2dimg.com/4/4932478625_50f98411b3.jpg
fotky/4932478625/c12.jpg	https://powertoolmate.2dimg.com/4/4932478625-2_49243f7f08.jpg
fotky/4932478625/c13.jpg	https://paulimot-sw6.b-cdn.net/media/85/d3/64/1741610800/000001638501paulimot_4932478625_Milwaukee_PACKOUT_Organiser_tief_1.jpg?ts=1741610800
fotky/4932478625/c14.jpg	https://paulimot-sw6.b-cdn.net/media/6b/80/94/1741610802/000001638501paulimot_4932478625_Milwaukee_PACKOUT_Organiser_tief_1_2.jpg?ts=1741610802
fotky/4932478625/c15.jpg	https://paulimot-sw6.b-cdn.net/media/d8/33/88/1741610804/000001638501paulimot_4932478625_Milwaukee_PACKOUT_Organiser_tief_3_3.jpg?ts=1741610804
fotky/4932478625/c16.jpg	https://paulimot-sw6.b-cdn.net/media/5b/64/3d/1741610806/000001638501paulimot_4932478625_Milwaukee_PACKOUT_Organiser_tief_2_4.jpg?ts=1741610806
fotky/4932478625/c17.jpg	https://paulimot-sw6.b-cdn.net/media/18/40/34/1741610808/000001638501paulimot_4932478625_Milwaukee_PACKOUT_Organiser_tief_4_5.jpg?ts=1741610808
fotky/4932478625/c18.jpg	https://paulimot-sw6.b-cdn.net/media/86/08/04/1741610811/000001638501paulimot_4932478625_Milwaukee_PACKOUT_Organiser_tief_5_6.jpg?ts=1741610811
fotky/4932478625/c19.jpg	https://paulimot-sw6.b-cdn.net/media/48/be/35/1741610813/000001638501paulimot_4932478625_Milwaukee_PACKOUT_Organiser_tief_6_7.jpg?ts=1741610813
fotky/4932498323/c01.jpg	https://static.milwaukeetool.eu/remote.axd/milwaukee-media-images.s3.amazonaws.com/hi/4932498323--Hero_1.jpg?v=42F2D462CAB6790176C54AC232D81B1A&width=1200
fotky/4932498323/c02.jpg	https://static.milwaukeetool.eu/remote.axd/milwaukee-media-images.s3.amazonaws.com/hi/4932498323--Hero_2.jpg?v=829ECDD38F411526B19FBB88D41509A9&width=1200
fotky/4932498323/c03.jpg	https://static.milwaukeetool.eu/remote.axd/milwaukee-media-images.s3.amazonaws.com/hi/4932498323--Hero_3.jpg?v=CA7F78ADBF5BE1DB22AC04858EB96D5F&width=1200
fotky/4932498323/c04.jpg	https://static.milwaukeetool.eu/remote.axd/milwaukee-media-images.s3.amazonaws.com/hi/4932498323--Hero_4.jpg?v=FFD8FE973EFD0F6DD9F9D5B826210F57&width=1200
fotky/4932498323/c05.jpg	https://static.milwaukeetool.eu/remote.axd/milwaukee-media-images.s3.amazonaws.com/hi/4932498323--Hero_5.jpg?v=499A980633965E52A34673BA5AD9F3EF&width=1200
fotky/4932498323/c06.jpg	https://static.milwaukeetool.eu/remote.axd/milwaukee-media-images.s3.amazonaws.com/hi/4932498323--Hero_6.jpg?v=A9831246AA2A9B64762CB5B41430EF78&width=1200
fotky/4932498323/c07.jpg	https://static.milwaukeetool.eu/remote.axd/milwaukee-media-images.s3.amazonaws.com/hi/4932498323--Feat_1.jpg?v=3B45EF0257554BCEF99AC1BB2E1E95F5&width=1200
fotky/4932498323/c08.jpg	https://static.milwaukeetool.eu/remote.axd/milwaukee-media-images.s3.amazonaws.com/hi/4932498323--Feat_2.jpg?v=8E5EACEE06BB016282FBC1F0C36DAB5F&width=1200
fotky/4932498323/c09.jpg	https://static.milwaukeetool.eu/remote.axd/milwaukee-media-images.s3.amazonaws.com/hi/4932498323--Feat_3.jpg?v=295A3E6612815AC6E37390FD56A68D5E&width=1200
fotky/4932498323/c10.jpg	https://static.milwaukeetool.eu/remote.axd/milwaukee-media-images.s3.amazonaws.com/hi/4932498323--Feat_4.jpg?v=117D7062793A3D3ED499245BB6465C4C&width=1200
fotky/4932498323/c11.jpg	https://static.milwaukeetool.eu/remote.axd/milwaukee-media-images.s3.amazonaws.com/hi/4932498323--Feat_5.jpg?v=860C70029C842E88AB2DA3D2A27BA2A0&width=1200
fotky/4932498323/c12.jpg	https://static.milwaukeetool.eu/remote.axd/milwaukee-media-images.s3.amazonaws.com/hi_no_padding/4932498323--App_1.jpg?v=7D2B31F1D281E72353FDEF0D12CF0740&width=1200
fotky/4932498323/c13.jpg	https://cdn.myshoptet.com/usr/www.elglobal.cz/user/shop/big/294725-1_4932498323-hero-2.jpg?ff=1&x=1024&y=768&q=85&ts=698df604&sg=161563f2
fotky/4932498323/c14.jpg	https://cdn.myshoptet.com/usr/www.elglobal.cz/user/shop/big/294725-3_4932498323-hero-4.jpg?ff=1&x=1024&y=768&q=85&ts=698df604&sg=161563f2
fotky/4932498323/c15.jpg	https://cdn.myshoptet.com/usr/www.elglobal.cz/user/shop/big/294725-4_4932498323-hero-5.jpg?ff=1&x=1024&y=768&q=85&ts=698df604&sg=161563f2
