8	B (koncova stena)	car_bodies/BYD_ETP3_B.glb
6	L (leva stena)	car_bodies/BYD_ETP3_L.glb
7	R_D (prava stena)	car_bodies/BYD_ETP3_R_D.glb
11	B (Berlingo_CI03_2008-2018)	car_bodies/Citro_n_Berlingo_CI03_2008-2018_B.glb
9	L (Berlingo_CI03_2008-2018)	car_bodies/Citro_n_Berlingo_CI03_2008-2018_L.glb
10	R_D (Berlingo_CI03_2008-2018)	car_bodies/Citro_n_Berlingo_CI03_2008-2018_R_D.glb
65	B (Berlingo_CI04_2008-2018)	car_bodies/Citro_n_Berlingo_CI04_2008-2018_B.glb
63	L (Berlingo_CI04_2008-2018)	car_bodies/Citro_n_Berlingo_CI04_2008-2018_L.glb
64	R_D (Berlingo_CI04_2008-2018)	car_bodies/Citro_n_Berlingo_CI04_2008-2018_R_D.glb
149	B (Berlingo L1 19- — 4403mm (L) 2107mm (W) 1880mm (H) [CI16])	car_bodies/Citroën_Berlingo_CI16_2019-_B.glb
147	L (Berlingo L1 19- — 4403mm (L) 2107mm (W) 1880mm (H) [CI16])	car_bodies/Citroën_Berlingo_CI16_2019-_L.glb
148	R_D (Berlingo L1 19- — 4403mm (L) 2107mm (W) 1880mm (H) [CI16])	car_bodies/Citroën_Berlingo_CI16_2019-_R_D.glb
152	B (Berlingo L2 19- — 4753mm (L) 2107mm (W) 1880mm (H) [CI17])	car_bodies/Citroën_Berlingo_CI17_2019-_B.glb
150	L (Berlingo L2 19- — 4753mm (L) 2107mm (W) 1880mm (H) [CI17])	car_bodies/Citroën_Berlingo_CI17_2019-_L.glb
151	R_D (Berlingo L2 19- — 4753mm (L) 2107mm (W) 1880mm (H) [CI17])	car_bodies/Citroën_Berlingo_CI17_2019-_R_D.glb
155	B (ë-Berlingo L1 21- — 4403mm (L) 2107mm (W) 1880mm (H) [CI22])	car_bodies/Citroën_Berlingo_CI22_2021-_B.glb
153	L (ë-Berlingo L1 21- — 4403mm (L) 2107mm (W) 1880mm (H) [CI22])	car_bodies/Citroën_Berlingo_CI22_2021-_L.glb
154	R_D (ë-Berlingo L1 21- — 4403mm (L) 2107mm (W) 1880mm (H) [CI22])	car_bodies/Citroën_Berlingo_CI22_2021-_R_D.glb
158	B (ë-Berlingo L2 21- — 4753mm (L) 2107mm (W) 1880mm (H) [CI23])	car_bodies/Citroën_Berlingo_CI23_2021-_B.glb
156	L (ë-Berlingo L2 21- — 4753mm (L) 2107mm (W) 1880mm (H) [CI23])	car_bodies/Citroën_Berlingo_CI23_2021-_L.glb
157	R_D (ë-Berlingo L2 21- — 4753mm (L) 2107mm (W) 1880mm (H) [CI23])	car_bodies/Citroën_Berlingo_CI23_2021-_R_D.glb
161	B (Jumper L1H1 14- — 4963mm (L) 2254mm (W) 2254mm (H) [CI06])	car_bodies/Citroën_Jumper_CI06_2014-_B.glb
159	L (Jumper L1H1 14- — 4963mm (L) 2254mm (W) 2254mm (H) [CI06])	car_bodies/Citroën_Jumper_CI06_2014-_L.glb
160	R_D (Jumper L1H1 14- — 4963mm (L) 2254mm (W) 2254mm (H) [CI06])	car_bodies/Citroën_Jumper_CI06_2014-_R_D.glb
164	B (Jumper L2H2 14- — 5413mm (L) 2254mm (W) 2522mm (H) [CI07])	car_bodies/Citroën_Jumper_CI07_2014-_B.glb
162	L (Jumper L2H2 14- — 5413mm (L) 2254mm (W) 2522mm (H) [CI07])	car_bodies/Citroën_Jumper_CI07_2014-_L.glb
163	R_D (Jumper L2H2 14- — 5413mm (L) 2254mm (W) 2522mm (H) [CI07])	car_bodies/Citroën_Jumper_CI07_2014-_R_D.glb
167	B (Jumper L3H2 14- — 5998mm (L) 2254mm (W) 2522mm (H) [CI08])	car_bodies/Citroën_Jumper_CI08_2014-_B.glb
165	L (Jumper L3H2 14- — 5998mm (L) 2254mm (W) 2522mm (H) [CI08])	car_bodies/Citroën_Jumper_CI08_2014-_L.glb
166	R_D (Jumper L3H2 14- — 5998mm (L) 2254mm (W) 2522mm (H) [CI08])	car_bodies/Citroën_Jumper_CI08_2014-_R_D.glb
170	B (Jumper_CI09_2014- [CI09])	car_bodies/Citroën_Jumper_CI09_2014-_B.glb
168	L (Jumper_CI09_2014- [CI09])	car_bodies/Citroën_Jumper_CI09_2014-_L.glb
169	R_D (Jumper_CI09_2014- [CI09])	car_bodies/Citroën_Jumper_CI09_2014-_R_D.glb
173	B (Jumper L2H1 14- — 5413mm (L) 2050mm (W) 2254mm (H) [CI20])	car_bodies/Citroën_Jumper_CI20_2014-_B.glb
171	L (Jumper L2H1 14- — 5413mm (L) 2050mm (W) 2254mm (H) [CI20])	car_bodies/Citroën_Jumper_CI20_2014-_L.glb
172	R_D (Jumper L2H1 14- — 5413mm (L) 2050mm (W) 2254mm (H) [CI20])	car_bodies/Citroën_Jumper_CI20_2014-_R_D.glb
176	B (Jumper_CI21_2014- [CI21])	car_bodies/Citroën_Jumper_CI21_2014-_B.glb
174	L (Jumper_CI21_2014- [CI21])	car_bodies/Citroën_Jumper_CI21_2014-_L.glb
175	R_D (Jumper_CI21_2014- [CI21])	car_bodies/Citroën_Jumper_CI21_2014-_R_D.glb
179	B (Jumper_CI27_2014- [CI27])	car_bodies/Citroën_Jumper_CI27_2014-_B.glb
177	L (Jumper_CI27_2014- [CI27])	car_bodies/Citroën_Jumper_CI27_2014-_L.glb
178	R_D (Jumper_CI27_2014- [CI27])	car_bodies/Citroën_Jumper_CI27_2014-_R_D.glb
182	B (Jumpy_CI13_2016- [CI13])	car_bodies/Citroën_Jumpy_CI13_2016-_B.glb
180	L (Jumpy_CI13_2016- [CI13])	car_bodies/Citroën_Jumpy_CI13_2016-_L.glb
181	R_D (Jumpy_CI13_2016- [CI13])	car_bodies/Citroën_Jumpy_CI13_2016-_R_D.glb
116	B (Citroën_Jumpy_CI14_2016- [CI14])	car_bodies/Citroën_Jumpy_CI14_2016-_B.glb
114	L (Citroën_Jumpy_CI14_2016- [CI14])	car_bodies/Citroën_Jumpy_CI14_2016-_L.glb
115	R_D (Citroën_Jumpy_CI14_2016- [CI14])	car_bodies/Citroën_Jumpy_CI14_2016-_R_D.glb
119	B (Citroën_Jumpy_CI15_2016- [CI15])	car_bodies/Citroën_Jumpy_CI15_2016-_B.glb
117	L (Citroën_Jumpy_CI15_2016- [CI15])	car_bodies/Citroën_Jumpy_CI15_2016-_L.glb
118	R_D (Citroën_Jumpy_CI15_2016- [CI15])	car_bodies/Citroën_Jumpy_CI15_2016-_R_D.glb
122	B (Citroën_Jumpy_CI18_2016- [CI18])	car_bodies/Citroën_Jumpy_CI18_2016-_B.glb
120	L (Citroën_Jumpy_CI18_2016- [CI18])	car_bodies/Citroën_Jumpy_CI18_2016-_L.glb
121	R_D (Citroën_Jumpy_CI18_2016- [CI18])	car_bodies/Citroën_Jumpy_CI18_2016-_R_D.glb
125	B (Citroën_Jumpy_CI19_2016- [CI19])	car_bodies/Citroën_Jumpy_CI19_2016-_B.glb
123	L (Citroën_Jumpy_CI19_2016- [CI19])	car_bodies/Citroën_Jumpy_CI19_2016-_L.glb
124	R_D (Citroën_Jumpy_CI19_2016- [CI19])	car_bodies/Citroën_Jumpy_CI19_2016-_R_D.glb
128	B (ë-Jumpy L1 21- [CI24])	car_bodies/Citroën_Jumpy_CI24_2021-_B.glb
126	L (ë-Jumpy L1 21- [CI24])	car_bodies/Citroën_Jumpy_CI24_2021-_L.glb
127	R_D (ë-Jumpy L1 21- [CI24])	car_bodies/Citroën_Jumpy_CI24_2021-_R_D.glb
131	B (ë-Jumpy L2 21- [CI25])	car_bodies/Citroën_Jumpy_CI25_2021-_B.glb
129	L (ë-Jumpy L2 21- [CI25])	car_bodies/Citroën_Jumpy_CI25_2021-_L.glb
130	R_D (ë-Jumpy L2 21- [CI25])	car_bodies/Citroën_Jumpy_CI25_2021-_R_D.glb
134	B (ë-Jumpy L3 21- [CI26])	car_bodies/Citroën_Jumpy_CI26_2021-_B.glb
132	L (ë-Jumpy L3 21- [CI26])	car_bodies/Citroën_Jumpy_CI26_2021-_L.glb
133	R_D (ë-Jumpy L3 21- [CI26])	car_bodies/Citroën_Jumpy_CI26_2021-_R_D.glb
14	B (Dokker_DA02_2012-)	car_bodies/Dacia_Dokker_DA02_2012-_B.glb
12	L (Dokker_DA02_2012-)	car_bodies/Dacia_Dokker_DA02_2012-_L.glb
13	R_D (Dokker_DA02_2012-)	car_bodies/Dacia_Dokker_DA02_2012-_R_D.glb
17	B (Doblo_FI14_2010-2022)	car_bodies/Fiat_Doblo_FI14_2010-2022_B.glb
15	L (Doblo_FI14_2010-2022)	car_bodies/Fiat_Doblo_FI14_2010-2022_L.glb
16	R_D (Doblo_FI14_2010-2022)	car_bodies/Fiat_Doblo_FI14_2010-2022_R_D.glb
68	B (Doblo_FI15_2010-2022)	car_bodies/Fiat_Doblo_FI15_2010-2022_B.glb
66	L (Doblo_FI15_2010-2022)	car_bodies/Fiat_Doblo_FI15_2010-2022_L.glb
67	R_D (Doblo_FI15_2010-2022)	car_bodies/Fiat_Doblo_FI15_2010-2022_R_D.glb
137	B (Doblò (L1) 22- [FI22])	car_bodies/Fiat_Doblo_FI22_2022-_B.glb
135	L (Doblò (L1) 22- [FI22])	car_bodies/Fiat_Doblo_FI22_2022-_L.glb
136	R_D (Doblò (L1) 22- [FI22])	car_bodies/Fiat_Doblo_FI22_2022-_R_D.glb
140	B (Doblò Maxi (L2) 22- [FI23])	car_bodies/Fiat_Doblo_FI23_2022-_B.glb
138	L (Doblò Maxi (L2) 22- [FI23])	car_bodies/Fiat_Doblo_FI23_2022-_L.glb
139	R_D (Doblò Maxi (L2) 22- [FI23])	car_bodies/Fiat_Doblo_FI23_2022-_R_D.glb
143	B (E-Doblò L1 23- [FI27])	car_bodies/Fiat_Doblo_FI27_2023-_B.glb
141	L (E-Doblò L1 23- [FI27])	car_bodies/Fiat_Doblo_FI27_2023-_L.glb
142	R_D (E-Doblò L1 23- [FI27])	car_bodies/Fiat_Doblo_FI27_2023-_R_D.glb
146	B (E-Doblò L2 23- [FI28])	car_bodies/Fiat_Doblo_FI28_2023-_B.glb
144	L (E-Doblò L2 23- [FI28])	car_bodies/Fiat_Doblo_FI28_2023-_L.glb
145	R_D (E-Doblò L2 23- [FI28])	car_bodies/Fiat_Doblo_FI28_2023-_R_D.glb
185	B (Ducato L1H1 14- — 4963mm (L) 2254mm (W) 2254mm (H) [FI07])	car_bodies/Fiat_Ducato_FI07_2014-_B.glb
183	L (Ducato L1H1 14- — 4963mm (L) 2254mm (W) 2254mm (H) [FI07])	car_bodies/Fiat_Ducato_FI07_2014-_L.glb
184	R_D (Ducato L1H1 14- — 4963mm (L) 2254mm (W) 2254mm (H) [FI07])	car_bodies/Fiat_Ducato_FI07_2014-_R_D.glb
188	B (Ducato L2H2 14- — 5413mm (L) 2254mm (W) 2522mm (H) [FI08])	car_bodies/Fiat_Ducato_FI08_2014-_B.glb
186	L (Ducato L2H2 14- — 5413mm (L) 2254mm (W) 2522mm (H) [FI08])	car_bodies/Fiat_Ducato_FI08_2014-_L.glb
187	R_D (Ducato L2H2 14- — 5413mm (L) 2254mm (W) 2522mm (H) [FI08])	car_bodies/Fiat_Ducato_FI08_2014-_R_D.glb
191	B (Ducato L3H2 14- — 5998mm (L) 2254mm (W) 2522mm (H) [FI09])	car_bodies/Fiat_Ducato_FI09_2014-_B.glb
189	L (Ducato L3H2 14- — 5998mm (L) 2254mm (W) 2522mm (H) [FI09])	car_bodies/Fiat_Ducato_FI09_2014-_L.glb
190	R_D (Ducato L3H2 14- — 5998mm (L) 2254mm (W) 2522mm (H) [FI09])	car_bodies/Fiat_Ducato_FI09_2014-_R_D.glb
194	B (Ducato_FI10_2014- [FI10])	car_bodies/Fiat_Ducato_FI10_2014-_B.glb
192	L (Ducato_FI10_2014- [FI10])	car_bodies/Fiat_Ducato_FI10_2014-_L.glb
193	R_D (Ducato_FI10_2014- [FI10])	car_bodies/Fiat_Ducato_FI10_2014-_R_D.glb
197	B (Ducato L2H1 14- — 5413mm (L) 2050mm (W) 2254mm (H) [FI26])	car_bodies/Fiat_Ducato_FI26_2014-_B.glb
195	L (Ducato L2H1 14- — 5413mm (L) 2050mm (W) 2254mm (H) [FI26])	car_bodies/Fiat_Ducato_FI26_2014-_L.glb
196	R_D (Ducato L2H1 14- — 5413mm (L) 2050mm (W) 2254mm (H) [FI26])	car_bodies/Fiat_Ducato_FI26_2014-_R_D.glb
200	B (Scudo_FI11_2007-2016 [FI11])	car_bodies/Fiat_Scudo_FI11_2007-2016_B.glb
198	L (Scudo_FI11_2007-2016 [FI11])	car_bodies/Fiat_Scudo_FI11_2007-2016_L.glb
199	R_D (Scudo_FI11_2007-2016 [FI11])	car_bodies/Fiat_Scudo_FI11_2007-2016_R_D.glb
203	B (Scudo_FI12_2007-2016 [FI12])	car_bodies/Fiat_Scudo_FI12_2007-2016_B.glb
201	L (Scudo_FI12_2007-2016 [FI12])	car_bodies/Fiat_Scudo_FI12_2007-2016_L.glb
202	R_D (Scudo_FI12_2007-2016 [FI12])	car_bodies/Fiat_Scudo_FI12_2007-2016_R_D.glb
206	B (Scudo_FI13_2007-2016 [FI13])	car_bodies/Fiat_Scudo_FI13_2007-2016_B.glb
204	L (Scudo_FI13_2007-2016 [FI13])	car_bodies/Fiat_Scudo_FI13_2007-2016_L.glb
205	R_D (Scudo_FI13_2007-2016 [FI13])	car_bodies/Fiat_Scudo_FI13_2007-2016_R_D.glb
209	B (Scudo L1 22- — 4609mm (L) 2204mm (W) 1905mm (H) [FI19])	car_bodies/Fiat_Scudo_FI19_2022-_B.glb
207	L (Scudo L1 22- — 4609mm (L) 2204mm (W) 1905mm (H) [FI19])	car_bodies/Fiat_Scudo_FI19_2022-_L.glb
208	R_D (Scudo L1 22- — 4609mm (L) 2204mm (W) 1905mm (H) [FI19])	car_bodies/Fiat_Scudo_FI19_2022-_R_D.glb
212	B (Scudo L2 22- — 4956mm (L) 2204mm (W) 1895mm (H) [FI20])	car_bodies/Fiat_Scudo_FI20_2022-_B.glb
210	L (Scudo L2 22- — 4956mm (L) 2204mm (W) 1895mm (H) [FI20])	car_bodies/Fiat_Scudo_FI20_2022-_L.glb
211	R_D (Scudo L2 22- — 4956mm (L) 2204mm (W) 1895mm (H) [FI20])	car_bodies/Fiat_Scudo_FI20_2022-_R_D.glb
215	B (Scudo L3 22- — 5309mm (L) 2204mm (W) 1895mm (H) [FI21])	car_bodies/Fiat_Scudo_FI21_2022-_B.glb
213	L (Scudo L3 22- — 5309mm (L) 2204mm (W) 1895mm (H) [FI21])	car_bodies/Fiat_Scudo_FI21_2022-_L.glb
214	R_D (Scudo L3 22- — 5309mm (L) 2204mm (W) 1895mm (H) [FI21])	car_bodies/Fiat_Scudo_FI21_2022-_R_D.glb
218	B (Scudo Crew Cab L2 22- — 4959mm (L) 2204mm (W) 1940mm (H) [FI24])	car_bodies/Fiat_Scudo_FI24_2022-_B.glb
216	L (Scudo Crew Cab L2 22- — 4959mm (L) 2204mm (W) 1940mm (H) [FI24])	car_bodies/Fiat_Scudo_FI24_2022-_L.glb
217	R_D (Scudo Crew Cab L2 22- — 4959mm (L) 2204mm (W) 1940mm (H) [FI24])	car_bodies/Fiat_Scudo_FI24_2022-_R_D.glb
221	B (Scudo_FI25_2022- [FI25])	car_bodies/Fiat_Scudo_FI25_2022-_B.glb
219	L (Scudo_FI25_2022- [FI25])	car_bodies/Fiat_Scudo_FI25_2022-_L.glb
220	R_D (Scudo_FI25_2022- [FI25])	car_bodies/Fiat_Scudo_FI25_2022-_R_D.glb
224	B (Scudo_FI29_2021- [FI29])	car_bodies/Fiat_Scudo_FI29_2021-_B.glb
222	L (Scudo_FI29_2021- [FI29])	car_bodies/Fiat_Scudo_FI29_2021-_L.glb
223	R_D (Scudo_FI29_2021- [FI29])	car_bodies/Fiat_Scudo_FI29_2021-_R_D.glb
227	B (Scudo_FI30_2021- [FI30])	car_bodies/Fiat_Scudo_FI30_2021-_B.glb
225	L (Scudo_FI30_2021- [FI30])	car_bodies/Fiat_Scudo_FI30_2021-_L.glb
226	R_D (Scudo_FI30_2021- [FI30])	car_bodies/Fiat_Scudo_FI30_2021-_R_D.glb
230	B (Scudo_FI31_2021- [FI31])	car_bodies/Fiat_Scudo_FI31_2021-_B.glb
228	L (Scudo_FI31_2021- [FI31])	car_bodies/Fiat_Scudo_FI31_2021-_L.glb
229	R_D (Scudo_FI31_2021- [FI31])	car_bodies/Fiat_Scudo_FI31_2021-_R_D.glb
20	B (Panel Van_FL01_2026-)	car_bodies/Flexis_Panel_Van_FL01_2026-_B.glb
18	L (Panel Van_FL01_2026-)	car_bodies/Flexis_Panel_Van_FL01_2026-_L.glb
19	R_D (Panel Van_FL01_2026-)	car_bodies/Flexis_Panel_Van_FL01_2026-_R_D.glb
71	B (Panel Van_FL02_2026-)	car_bodies/Flexis_Panel_Van_FL02_2026-_B.glb
69	L (Panel Van_FL02_2026-)	car_bodies/Flexis_Panel_Van_FL02_2026-_L.glb
70	R_D (Panel Van_FL02_2026-)	car_bodies/Flexis_Panel_Van_FL02_2026-_R_D.glb
4	FO30_B (koncova/predni stena, dotyka se hlavniho tela)	car_bodies/FO30_B_wall.glb
3	FO30_L (leva stena, samostatne)	car_bodies/FO30_L.glb
5	FO30_R_D (prava stena, samostatne)	car_bodies/FO30_R_D.glb
233	B (Connect_FO12_2014- [FO12])	car_bodies/Ford_Connect_FO12_2014-_B.glb
231	L (Connect_FO12_2014- [FO12])	car_bodies/Ford_Connect_FO12_2014-_L.glb
232	R_D (Connect_FO12_2014- [FO12])	car_bodies/Ford_Connect_FO12_2014-_R_D.glb
74	B (Connect_FO13_2014-)	car_bodies/Ford_Connect_FO13_2014-_B.glb
72	L (Connect_FO13_2014-)	car_bodies/Ford_Connect_FO13_2014-_L.glb
73	R_D (Connect_FO13_2014-)	car_bodies/Ford_Connect_FO13_2014-_R_D.glb
236	B (Transit Connect L1 24- — 4500mm (L) 2100mm (W) 1856mm (H) [FO36])	car_bodies/Ford_Connect_FO36_2024-_B.glb
234	L (Transit Connect L1 24- — 4500mm (L) 2100mm (W) 1856mm (H) [FO36])	car_bodies/Ford_Connect_FO36_2024-_L.glb
235	R_D (Transit Connect L1 24- — 4500mm (L) 2100mm (W) 1856mm (H) [FO36])	car_bodies/Ford_Connect_FO36_2024-_R_D.glb
239	B (Transit Connect L2 24- — 4853mm (L) 2100mm (W) 1860mm (H) [FO37])	car_bodies/Ford_Connect_FO37_2024-_B.glb
237	L (Transit Connect L2 24- — 4853mm (L) 2100mm (W) 1860mm (H) [FO37])	car_bodies/Ford_Connect_FO37_2024-_L.glb
238	R_D (Transit Connect L2 24- — 4853mm (L) 2100mm (W) 1860mm (H) [FO37])	car_bodies/Ford_Connect_FO37_2024-_R_D.glb
242	B (Transit Connect PHEV L1 24- — 4500mm (L) 2100mm (W) 1856mm (H) [FO45])	car_bodies/Ford_Connect_FO45_2024-_B.glb
240	L (Transit Connect PHEV L1 24- — 4500mm (L) 2100mm (W) 1856mm (H) [FO45])	car_bodies/Ford_Connect_FO45_2024-_L.glb
241	R_D (Transit Connect PHEV L1 24- — 4500mm (L) 2100mm (W) 1856mm (H) [FO45])	car_bodies/Ford_Connect_FO45_2024-_R_D.glb
245	B (Transit Connect PHEV L2 24- — 4853mm (L) 2100mm (W) 1860mm (H) [FO46])	car_bodies/Ford_Connect_FO46_2024-_B.glb
243	L (Transit Connect PHEV L2 24- — 4853mm (L) 2100mm (W) 1860mm (H) [FO46])	car_bodies/Ford_Connect_FO46_2024-_L.glb
244	R_D (Transit Connect PHEV L2 24- — 4853mm (L) 2100mm (W) 1860mm (H) [FO46])	car_bodies/Ford_Connect_FO46_2024-_R_D.glb
248	B (Transit Courier -23 — 4157mm (L) 2060mm (W) 1751mm (H) [FO14])	car_bodies/Ford_Courier_FO14_2014-2023_B.glb
246	L (Transit Courier -23 — 4157mm (L) 2060mm (W) 1751mm (H) [FO14])	car_bodies/Ford_Courier_FO14_2014-2023_L.glb
247	R_D (Transit Courier -23 — 4157mm (L) 2060mm (W) 1751mm (H) [FO14])	car_bodies/Ford_Courier_FO14_2014-2023_R_D.glb
251	B (Transit Courier 24- — 4337mm (L) 2076mm (W) 1827mm (H) [FO33])	car_bodies/Ford_Courier_FO33_2024-_B.glb
249	L (Transit Courier 24- — 4337mm (L) 2076mm (W) 1827mm (H) [FO33])	car_bodies/Ford_Courier_FO33_2024-_L.glb
250	R_D (Transit Courier 24- — 4337mm (L) 2076mm (W) 1827mm (H) [FO33])	car_bodies/Ford_Courier_FO33_2024-_R_D.glb
254	B (Custom_FO10_2012-2023 [FO10])	car_bodies/Ford_Custom_FO10_2012-2023_B.glb
252	L (Custom_FO10_2012-2023 [FO10])	car_bodies/Ford_Custom_FO10_2012-2023_L.glb
253	R_D (Custom_FO10_2012-2023 [FO10])	car_bodies/Ford_Custom_FO10_2012-2023_R_D.glb
257	B (Custom_FO11_2012-2023 [FO11])	car_bodies/Ford_Custom_FO11_2012-2023_B.glb
255	L (Custom_FO11_2012-2023 [FO11])	car_bodies/Ford_Custom_FO11_2012-2023_L.glb
256	R_D (Custom_FO11_2012-2023 [FO11])	car_bodies/Ford_Custom_FO11_2012-2023_R_D.glb
260	B (Custom_FO21_2012-2023 [FO21])	car_bodies/Ford_Custom_FO21_2012-2023_B.glb
258	L (Custom_FO21_2012-2023 [FO21])	car_bodies/Ford_Custom_FO21_2012-2023_L.glb
259	R_D (Custom_FO21_2012-2023 [FO21])	car_bodies/Ford_Custom_FO21_2012-2023_R_D.glb
263	B (Custom_FO27_2012-2023 [FO27])	car_bodies/Ford_Custom_FO27_2012-2023_B.glb
261	L (Custom_FO27_2012-2023 [FO27])	car_bodies/Ford_Custom_FO27_2012-2023_L.glb
262	R_D (Custom_FO27_2012-2023 [FO27])	car_bodies/Ford_Custom_FO27_2012-2023_R_D.glb
266	B (Custom_FO28_2012-2023 [FO28])	car_bodies/Ford_Custom_FO28_2012-2023_B.glb
264	L (Custom_FO28_2012-2023 [FO28])	car_bodies/Ford_Custom_FO28_2012-2023_L.glb
265	R_D (Custom_FO28_2012-2023 [FO28])	car_bodies/Ford_Custom_FO28_2012-2023_R_D.glb
269	B (Custom_FO29_2012-2023 [FO29])	car_bodies/Ford_Custom_FO29_2012-2023_B.glb
267	L (Custom_FO29_2012-2023 [FO29])	car_bodies/Ford_Custom_FO29_2012-2023_L.glb
268	R_D (Custom_FO29_2012-2023 [FO29])	car_bodies/Ford_Custom_FO29_2012-2023_R_D.glb
272	B (Transit Custom L2 23- — 5450mm (L) 2275mm (W) 1978mm (H) [FO31])	car_bodies/Ford_Custom_FO31_2023-_B.glb
270	L (Transit Custom L2 23- — 5450mm (L) 2275mm (W) 1978mm (H) [FO31])	car_bodies/Ford_Custom_FO31_2023-_L.glb
271	R_D (Transit Custom L2 23- — 5450mm (L) 2275mm (W) 1978mm (H) [FO31])	car_bodies/Ford_Custom_FO31_2023-_R_D.glb
275	B (Custom_FO38_2023- [FO38])	car_bodies/Ford_Custom_FO38_2023-_B.glb
273	L (Custom_FO38_2023- [FO38])	car_bodies/Ford_Custom_FO38_2023-_L.glb
274	R_D (Custom_FO38_2023- [FO38])	car_bodies/Ford_Custom_FO38_2023-_R_D.glb
278	B (Custom_FO39_2023- [FO39])	car_bodies/Ford_Custom_FO39_2023-_B.glb
276	L (Custom_FO39_2023- [FO39])	car_bodies/Ford_Custom_FO39_2023-_L.glb
277	R_D (Custom_FO39_2023- [FO39])	car_bodies/Ford_Custom_FO39_2023-_R_D.glb
281	B (E-Transit Custom L1 23- — 5050mm (L) 2275mm (W) 1981mm (H) [FO47])	car_bodies/Ford_Custom_FO47_2023-_B.glb
279	L (E-Transit Custom L1 23- — 5050mm (L) 2275mm (W) 1981mm (H) [FO47])	car_bodies/Ford_Custom_FO47_2023-_L.glb
280	R_D (E-Transit Custom L1 23- — 5050mm (L) 2275mm (W) 1981mm (H) [FO47])	car_bodies/Ford_Custom_FO47_2023-_R_D.glb
284	B (E-Transit Custom L2 23- — 5450mm (L) 2275mm (W) 1978mm (H) [FO48])	car_bodies/Ford_Custom_FO48_2023-_B.glb
282	L (E-Transit Custom L2 23- — 5450mm (L) 2275mm (W) 1978mm (H) [FO48])	car_bodies/Ford_Custom_FO48_2023-_L.glb
283	R_D (E-Transit Custom L2 23- — 5450mm (L) 2275mm (W) 1978mm (H) [FO48])	car_bodies/Ford_Custom_FO48_2023-_R_D.glb
287	B (Custom_FO55_2023- [FO55])	car_bodies/Ford_Custom_FO55_2023-_B.glb
285	L (Custom_FO55_2023- [FO55])	car_bodies/Ford_Custom_FO55_2023-_L.glb
286	R_D (Custom_FO55_2023- [FO55])	car_bodies/Ford_Custom_FO55_2023-_R_D.glb
290	B (Custom_FO56_2023- [FO56])	car_bodies/Ford_Custom_FO56_2023-_B.glb
288	L (Custom_FO56_2023- [FO56])	car_bodies/Ford_Custom_FO56_2023-_L.glb
289	R_D (Custom_FO56_2023- [FO56])	car_bodies/Ford_Custom_FO56_2023-_R_D.glb
293	B (Ranger_FO01_2011-2018 [FO01])	car_bodies/Ford_Ranger_FO01_2011-2018_B.glb
291	L (Ranger_FO01_2011-2018 [FO01])	car_bodies/Ford_Ranger_FO01_2011-2018_L.glb
292	R_D (Ranger_FO01_2011-2018 [FO01])	car_bodies/Ford_Ranger_FO01_2011-2018_R_D.glb
296	B (Ranger 23- — 5370mm (L) 2208mm (W) 1884mm (H) [FO32])	car_bodies/Ford_Ranger_FO32_2023-_B.glb
294	L (Ranger 23- — 5370mm (L) 2208mm (W) 1884mm (H) [FO32])	car_bodies/Ford_Ranger_FO32_2023-_L.glb
295	R_D (Ranger 23- — 5370mm (L) 2208mm (W) 1884mm (H) [FO32])	car_bodies/Ford_Ranger_FO32_2023-_R_D.glb
299	B (Ranger PHEV 24- — 5370mm (L) 2208mm (W) 1884mm (H) [FO54])	car_bodies/Ford_Ranger_FO54_2024-_B.glb
297	L (Ranger PHEV 24- — 5370mm (L) 2208mm (W) 1884mm (H) [FO54])	car_bodies/Ford_Ranger_FO54_2024-_L.glb
298	R_D (Ranger PHEV 24- — 5370mm (L) 2208mm (W) 1884mm (H) [FO54])	car_bodies/Ford_Ranger_FO54_2024-_R_D.glb
302	B (Transit_FO15_2014- [FO15])	car_bodies/Ford_Transit_FO15_2014-_B.glb
300	L (Transit_FO15_2014- [FO15])	car_bodies/Ford_Transit_FO15_2014-_L.glb
301	R_D (Transit_FO15_2014- [FO15])	car_bodies/Ford_Transit_FO15_2014-_R_D.glb
305	B (Transit_FO16_2014- [FO16])	car_bodies/Ford_Transit_FO16_2014-_B.glb
303	L (Transit_FO16_2014- [FO16])	car_bodies/Ford_Transit_FO16_2014-_L.glb
304	R_D (Transit_FO16_2014- [FO16])	car_bodies/Ford_Transit_FO16_2014-_R_D.glb
308	B (Transit_FO17_2014- [FO17])	car_bodies/Ford_Transit_FO17_2014-_B.glb
306	L (Transit_FO17_2014- [FO17])	car_bodies/Ford_Transit_FO17_2014-_L.glb
307	R_D (Transit_FO17_2014- [FO17])	car_bodies/Ford_Transit_FO17_2014-_R_D.glb
311	B (Transit_FO18_2014- [FO18])	car_bodies/Ford_Transit_FO18_2014-_B.glb
309	L (Transit_FO18_2014- [FO18])	car_bodies/Ford_Transit_FO18_2014-_L.glb
310	R_D (Transit_FO18_2014- [FO18])	car_bodies/Ford_Transit_FO18_2014-_R_D.glb
314	B (Transit_FO19_2014- [FO19])	car_bodies/Ford_Transit_FO19_2014-_B.glb
312	L (Transit_FO19_2014- [FO19])	car_bodies/Ford_Transit_FO19_2014-_L.glb
313	R_D (Transit_FO19_2014- [FO19])	car_bodies/Ford_Transit_FO19_2014-_R_D.glb
317	B (Transit_FO20_2014- [FO20])	car_bodies/Ford_Transit_FO20_2014-_B.glb
315	L (Transit_FO20_2014- [FO20])	car_bodies/Ford_Transit_FO20_2014-_L.glb
316	R_D (Transit_FO20_2014- [FO20])	car_bodies/Ford_Transit_FO20_2014-_R_D.glb
320	B (Transit_FO22_2014- [FO22])	car_bodies/Ford_Transit_FO22_2014-_B.glb
318	L (Transit_FO22_2014- [FO22])	car_bodies/Ford_Transit_FO22_2014-_L.glb
319	R_D (Transit_FO22_2014- [FO22])	car_bodies/Ford_Transit_FO22_2014-_R_D.glb
323	B (Transit_FO23_2014- [FO23])	car_bodies/Ford_Transit_FO23_2014-_B.glb
321	L (Transit_FO23_2014- [FO23])	car_bodies/Ford_Transit_FO23_2014-_L.glb
322	R_D (Transit_FO23_2014- [FO23])	car_bodies/Ford_Transit_FO23_2014-_R_D.glb
326	B (Transit_FO24_2014- [FO24])	car_bodies/Ford_Transit_FO24_2014-_B.glb
324	L (Transit_FO24_2014- [FO24])	car_bodies/Ford_Transit_FO24_2014-_L.glb
325	R_D (Transit_FO24_2014- [FO24])	car_bodies/Ford_Transit_FO24_2014-_R_D.glb
329	B (Transit_FO25_2014- [FO25])	car_bodies/Ford_Transit_FO25_2014-_B.glb
327	L (Transit_FO25_2014- [FO25])	car_bodies/Ford_Transit_FO25_2014-_L.glb
328	R_D (Transit_FO25_2014- [FO25])	car_bodies/Ford_Transit_FO25_2014-_R_D.glb
332	B (Transit_FO26_2014- [FO26])	car_bodies/Ford_Transit_FO26_2014-_B.glb
330	L (Transit_FO26_2014- [FO26])	car_bodies/Ford_Transit_FO26_2014-_L.glb
331	R_D (Transit_FO26_2014- [FO26])	car_bodies/Ford_Transit_FO26_2014-_R_D.glb
335	B (Transit_FO40_2022- [FO40])	car_bodies/Ford_Transit_FO40_2022-_B.glb
333	L (Transit_FO40_2022- [FO40])	car_bodies/Ford_Transit_FO40_2022-_L.glb
334	R_D (Transit_FO40_2022- [FO40])	car_bodies/Ford_Transit_FO40_2022-_R_D.glb
338	B (Transit_FO41_2022- [FO41])	car_bodies/Ford_Transit_FO41_2022-_B.glb
336	L (Transit_FO41_2022- [FO41])	car_bodies/Ford_Transit_FO41_2022-_L.glb
337	R_D (Transit_FO41_2022- [FO41])	car_bodies/Ford_Transit_FO41_2022-_R_D.glb
341	B (Transit_FO42_2022- [FO42])	car_bodies/Ford_Transit_FO42_2022-_B.glb
339	L (Transit_FO42_2022- [FO42])	car_bodies/Ford_Transit_FO42_2022-_L.glb
340	R_D (Transit_FO42_2022- [FO42])	car_bodies/Ford_Transit_FO42_2022-_R_D.glb
344	B (Transit_FO43_2022- [FO43])	car_bodies/Ford_Transit_FO43_2022-_B.glb
342	L (Transit_FO43_2022- [FO43])	car_bodies/Ford_Transit_FO43_2022-_L.glb
343	R_D (Transit_FO43_2022- [FO43])	car_bodies/Ford_Transit_FO43_2022-_R_D.glb
347	B (Transit_FO44_2022- [FO44])	car_bodies/Ford_Transit_FO44_2022-_B.glb
345	L (Transit_FO44_2022- [FO44])	car_bodies/Ford_Transit_FO44_2022-_L.glb
346	R_D (Transit_FO44_2022- [FO44])	car_bodies/Ford_Transit_FO44_2022-_R_D.glb
350	B (E-Transit RWD/AWD L2H2 22- — 5531mm (L) 2427mm (W) 2534mm (H) [FO49])	car_bodies/Ford_Transit_FO49_2022-_B.glb
348	L (E-Transit RWD/AWD L2H2 22- — 5531mm (L) 2427mm (W) 2534mm (H) [FO49])	car_bodies/Ford_Transit_FO49_2022-_L.glb
349	R_D (E-Transit RWD/AWD L2H2 22- — 5531mm (L) 2427mm (W) 2534mm (H) [FO49])	car_bodies/Ford_Transit_FO49_2022-_R_D.glb
353	B (E-Transit RWD/AWD L2H3 22- — 5531mm (L) 2427mm (W) 2771mm (H) [FO50])	car_bodies/Ford_Transit_FO50_2022-_B.glb
351	L (E-Transit RWD/AWD L2H3 22- — 5531mm (L) 2427mm (W) 2771mm (H) [FO50])	car_bodies/Ford_Transit_FO50_2022-_L.glb
352	R_D (E-Transit RWD/AWD L2H3 22- — 5531mm (L) 2427mm (W) 2771mm (H) [FO50])	car_bodies/Ford_Transit_FO50_2022-_R_D.glb
356	B (E-Transit RWD/AWD L3H2 22- — 5981mm (L) 2474mm (W) 2533mm (H) [FO51])	car_bodies/Ford_Transit_FO51_2022-_B.glb
354	L (E-Transit RWD/AWD L3H2 22- — 5981mm (L) 2474mm (W) 2533mm (H) [FO51])	car_bodies/Ford_Transit_FO51_2022-_L.glb
355	R_D (E-Transit RWD/AWD L3H2 22- — 5981mm (L) 2474mm (W) 2533mm (H) [FO51])	car_bodies/Ford_Transit_FO51_2022-_R_D.glb
359	B (E-Transit RWD/AWD L3H3 22- — 5981mm (L) 2472mm (W) 2769mm (H) [FO52])	car_bodies/Ford_Transit_FO52_2022-_B.glb
357	L (E-Transit RWD/AWD L3H3 22- — 5981mm (L) 2472mm (W) 2769mm (H) [FO52])	car_bodies/Ford_Transit_FO52_2022-_L.glb
358	R_D (E-Transit RWD/AWD L3H3 22- — 5981mm (L) 2472mm (W) 2769mm (H) [FO52])	car_bodies/Ford_Transit_FO52_2022-_R_D.glb
362	B (Transit_FO53_2022- [FO53])	car_bodies/Ford_Transit_FO53_2022-_B.glb
360	L (Transit_FO53_2022- [FO53])	car_bodies/Ford_Transit_FO53_2022-_L.glb
361	R_D (Transit_FO53_2022- [FO53])	car_bodies/Ford_Transit_FO53_2022-_R_D.glb
23	B (H1_HY05_2008-2017)	car_bodies/Hyundai_H1_HY05_2008-2017_B.glb
21	L (H1_HY05_2008-2017)	car_bodies/Hyundai_H1_HY05_2008-2017_L.glb
22	R_D (H1_HY05_2008-2017)	car_bodies/Hyundai_H1_HY05_2008-2017_R_D.glb
77	B (H350_HY06_2014-)	car_bodies/Hyundai_H350_HY06_2014-_B.glb
75	L (H350_HY06_2014-)	car_bodies/Hyundai_H350_HY06_2014-_L.glb
76	R_D (H350_HY06_2014-)	car_bodies/Hyundai_H350_HY06_2014-_R_D.glb
365	B (H350 SWB 14- — 5515mm (L) 2436mm (W) 2685mm (H) [HY07])	car_bodies/Hyundai_H350_HY07_2014-_B.glb
363	L (H350 SWB 14- — 5515mm (L) 2436mm (W) 2685mm (H) [HY07])	car_bodies/Hyundai_H350_HY07_2014-_L.glb
364	R_D (H350 SWB 14- — 5515mm (L) 2436mm (W) 2685mm (H) [HY07])	car_bodies/Hyundai_H350_HY07_2014-_R_D.glb
26	B (Grenadier_IN01_2024-)	car_bodies/Ineos_Grenadier_IN01_2024-_B.glb
24	L (Grenadier_IN01_2024-)	car_bodies/Ineos_Grenadier_IN01_2024-_L.glb
25	R_D (Grenadier_IN01_2024-)	car_bodies/Ineos_Grenadier_IN01_2024-_R_D.glb
29	B (D-Max_IZ01_2021-)	car_bodies/Isuzu_D-Max_IZ01_2021-_B.glb
27	L (D-Max_IZ01_2021-)	car_bodies/Isuzu_D-Max_IZ01_2021-_L.glb
28	R_D (D-Max_IZ01_2021-)	car_bodies/Isuzu_D-Max_IZ01_2021-_R_D.glb
80	B (D-Max_IZ02_2021-)	car_bodies/Isuzu_D-Max_IZ02_2021-_B.glb
78	L (D-Max_IZ02_2021-)	car_bodies/Isuzu_D-Max_IZ02_2021-_L.glb
79	R_D (D-Max_IZ02_2021-)	car_bodies/Isuzu_D-Max_IZ02_2021-_R_D.glb
32	B (Daily_IV04_2014-)	car_bodies/Iveco_Daily_IV04_2014-_B.glb
30	L (Daily_IV04_2014-)	car_bodies/Iveco_Daily_IV04_2014-_L.glb
31	R_D (Daily_IV04_2014-)	car_bodies/Iveco_Daily_IV04_2014-_R_D.glb
83	B (Daily_IV05_2014-)	car_bodies/Iveco_Daily_IV05_2014-_B.glb
81	L (Daily_IV05_2014-)	car_bodies/Iveco_Daily_IV05_2014-_L.glb
82	R_D (Daily_IV05_2014-)	car_bodies/Iveco_Daily_IV05_2014-_R_D.glb
368	B (Daily 12m³ L3H2 14- — 6000mm (L) 0mm (W) 0mm (H) [IV06])	car_bodies/Iveco_Daily_IV06_2014-_B.glb
366	L (Daily 12m³ L3H2 14- — 6000mm (L) 0mm (W) 0mm (H) [IV06])	car_bodies/Iveco_Daily_IV06_2014-_L.glb
367	R_D (Daily 12m³ L3H2 14- — 6000mm (L) 0mm (W) 0mm (H) [IV06])	car_bodies/Iveco_Daily_IV06_2014-_R_D.glb
371	B (Daily_IV07_2014- [IV07])	car_bodies/Iveco_Daily_IV07_2014-_B.glb
369	L (Daily_IV07_2014- [IV07])	car_bodies/Iveco_Daily_IV07_2014-_L.glb
370	R_D (Daily_IV07_2014- [IV07])	car_bodies/Iveco_Daily_IV07_2014-_R_D.glb
374	B (Daily_IV08_2014- [IV08])	car_bodies/Iveco_Daily_IV08_2014-_B.glb
372	L (Daily_IV08_2014- [IV08])	car_bodies/Iveco_Daily_IV08_2014-_L.glb
373	R_D (Daily_IV08_2014- [IV08])	car_bodies/Iveco_Daily_IV08_2014-_R_D.glb
377	B (Daily_IV09_2014- [IV09])	car_bodies/Iveco_Daily_IV09_2014-_B.glb
375	L (Daily_IV09_2014- [IV09])	car_bodies/Iveco_Daily_IV09_2014-_L.glb
376	R_D (Daily_IV09_2014- [IV09])	car_bodies/Iveco_Daily_IV09_2014-_R_D.glb
380	B (Daily_IV10_2014- [IV10])	car_bodies/Iveco_Daily_IV10_2014-_B.glb
378	L (Daily_IV10_2014- [IV10])	car_bodies/Iveco_Daily_IV10_2014-_L.glb
379	R_D (Daily_IV10_2014- [IV10])	car_bodies/Iveco_Daily_IV10_2014-_R_D.glb
383	B (Daily_IV11_2014- [IV11])	car_bodies/Iveco_Daily_IV11_2014-_B.glb
381	L (Daily_IV11_2014- [IV11])	car_bodies/Iveco_Daily_IV11_2014-_L.glb
382	R_D (Daily_IV11_2014- [IV11])	car_bodies/Iveco_Daily_IV11_2014-_R_D.glb
386	B (Daily 7,3m³ L1H1 14- — 5198mm (L) 0mm (W) 0mm (H) [IV12])	car_bodies/Iveco_Daily_IV12_2014-_B.glb
384	L (Daily 7,3m³ L1H1 14- — 5198mm (L) 0mm (W) 0mm (H) [IV12])	car_bodies/Iveco_Daily_IV12_2014-_L.glb
385	R_D (Daily 7,3m³ L1H1 14- — 5198mm (L) 0mm (W) 0mm (H) [IV12])	car_bodies/Iveco_Daily_IV12_2014-_R_D.glb
389	B (eJolly 25- — 4981mm (L) 2204mm (W) 1904mm (H) [IV13])	car_bodies/Iveco_eJolly_IV13_2025-_B.glb
387	L (eJolly 25- — 4981mm (L) 2204mm (W) 1904mm (H) [IV13])	car_bodies/Iveco_eJolly_IV13_2025-_L.glb
388	R_D (eJolly 25- — 4981mm (L) 2204mm (W) 1904mm (H) [IV13])	car_bodies/Iveco_eJolly_IV13_2025-_R_D.glb
392	B (eJolly XL 25- — 5331mm (L) 2204mm (W) 1935mm (H) [IV14])	car_bodies/Iveco_eJolly_IV14_2025-_B.glb
390	L (eJolly XL 25- — 5331mm (L) 2204mm (W) 1935mm (H) [IV14])	car_bodies/Iveco_eJolly_IV14_2025-_L.glb
391	R_D (eJolly XL 25- — 5331mm (L) 2204mm (W) 1935mm (H) [IV14])	car_bodies/Iveco_eJolly_IV14_2025-_R_D.glb
35	B (Cargo_KI01_2025-)	car_bodies/Kia_Cargo_KI01_2025-_B.glb
33	L (Cargo_KI01_2025-)	car_bodies/Kia_Cargo_KI01_2025-_L.glb
34	R_D (Cargo_KI01_2025-)	car_bodies/Kia_Cargo_KI01_2025-_R_D.glb
38	B (TGE_MA50_2017-)	car_bodies/MAN_TGE_MA50_2017-_B.glb
36	L (TGE_MA50_2017-)	car_bodies/MAN_TGE_MA50_2017-_L.glb
37	R_D (TGE_MA50_2017-)	car_bodies/MAN_TGE_MA50_2017-_R_D.glb
86	B (TGE_MA51_2017-)	car_bodies/MAN_TGE_MA51_2017-_B.glb
84	L (TGE_MA51_2017-)	car_bodies/MAN_TGE_MA51_2017-_L.glb
85	R_D (TGE_MA51_2017-)	car_bodies/MAN_TGE_MA51_2017-_R_D.glb
395	B (TGE_MA52_2017- [MA52])	car_bodies/MAN_TGE_MA52_2017-_B.glb
393	L (TGE_MA52_2017- [MA52])	car_bodies/MAN_TGE_MA52_2017-_L.glb
394	R_D (TGE_MA52_2017- [MA52])	car_bodies/MAN_TGE_MA52_2017-_R_D.glb
398	B (TGE Standard Normal Roof (L3H2) FWD 17- — 5986mm (L) 2427mm (W) 2355mm (H) [MA53])	car_bodies/MAN_TGE_MA53_2017-_B.glb
396	L (TGE Standard Normal Roof (L3H2) FWD 17- — 5986mm (L) 2427mm (W) 2355mm (H) [MA53])	car_bodies/MAN_TGE_MA53_2017-_L.glb
397	R_D (TGE Standard Normal Roof (L3H2) FWD 17- — 5986mm (L) 2427mm (W) 2355mm (H) [MA53])	car_bodies/MAN_TGE_MA53_2017-_R_D.glb
401	B (TGE_MA54_2017- [MA54])	car_bodies/MAN_TGE_MA54_2017-_B.glb
399	L (TGE_MA54_2017- [MA54])	car_bodies/MAN_TGE_MA54_2017-_L.glb
400	R_D (TGE_MA54_2017- [MA54])	car_bodies/MAN_TGE_MA54_2017-_R_D.glb
404	B (TGE_MA55_2017- [MA55])	car_bodies/MAN_TGE_MA55_2017-_B.glb
402	L (TGE_MA55_2017- [MA55])	car_bodies/MAN_TGE_MA55_2017-_L.glb
403	R_D (TGE_MA55_2017- [MA55])	car_bodies/MAN_TGE_MA55_2017-_R_D.glb
407	B (TGE Standard Normal Roof (L3H2) RWD 17- — 5986mm (L) 2427mm (W) 2355mm (H) [MA56])	car_bodies/MAN_TGE_MA56_2017-_B.glb
405	L (TGE Standard Normal Roof (L3H2) RWD 17- — 5986mm (L) 2427mm (W) 2355mm (H) [MA56])	car_bodies/MAN_TGE_MA56_2017-_L.glb
406	R_D (TGE Standard Normal Roof (L3H2) RWD 17- — 5986mm (L) 2427mm (W) 2355mm (H) [MA56])	car_bodies/MAN_TGE_MA56_2017-_R_D.glb
410	B (TGE Standard High Roof (L3H3) RWD 17- — 5986mm (L) 2427mm (W) 2590mm (H) [MA57])	car_bodies/MAN_TGE_MA57_2017-_B.glb
408	L (TGE Standard High Roof (L3H3) RWD 17- — 5986mm (L) 2427mm (W) 2590mm (H) [MA57])	car_bodies/MAN_TGE_MA57_2017-_L.glb
409	R_D (TGE Standard High Roof (L3H3) RWD 17- — 5986mm (L) 2427mm (W) 2590mm (H) [MA57])	car_bodies/MAN_TGE_MA57_2017-_R_D.glb
413	B (TGE_MA58_2017- [MA58])	car_bodies/MAN_TGE_MA58_2017-_B.glb
411	L (TGE_MA58_2017- [MA58])	car_bodies/MAN_TGE_MA58_2017-_L.glb
412	R_D (TGE_MA58_2017- [MA58])	car_bodies/MAN_TGE_MA58_2017-_R_D.glb
416	B (TGE_MA59_2017- [MA59])	car_bodies/MAN_TGE_MA59_2017-_B.glb
414	L (TGE_MA59_2017- [MA59])	car_bodies/MAN_TGE_MA59_2017-_L.glb
415	R_D (TGE_MA59_2017- [MA59])	car_bodies/MAN_TGE_MA59_2017-_R_D.glb
419	B (TGE_MA60_2017- [MA60])	car_bodies/MAN_TGE_MA60_2017-_B.glb
417	L (TGE_MA60_2017- [MA60])	car_bodies/MAN_TGE_MA60_2017-_L.glb
418	R_D (TGE_MA60_2017- [MA60])	car_bodies/MAN_TGE_MA60_2017-_R_D.glb
422	B (TGE_MA61_2017- [MA61])	car_bodies/MAN_TGE_MA61_2017-_B.glb
420	L (TGE_MA61_2017- [MA61])	car_bodies/MAN_TGE_MA61_2017-_L.glb
421	R_D (TGE_MA61_2017- [MA61])	car_bodies/MAN_TGE_MA61_2017-_R_D.glb
41	B (Deliver7_ME17_2024-)	car_bodies/Maxus_Deliver7_ME17_2024-_B.glb
39	L (Deliver7_ME17_2024-)	car_bodies/Maxus_Deliver7_ME17_2024-_L.glb
40	R_D (Deliver7_ME17_2024-)	car_bodies/Maxus_Deliver7_ME17_2024-_R_D.glb
89	B (Deliver7_ME18_2024-)	car_bodies/Maxus_Deliver7_ME18_2024-_B.glb
87	L (Deliver7_ME18_2024-)	car_bodies/Maxus_Deliver7_ME18_2024-_L.glb
88	R_D (Deliver7_ME18_2024-)	car_bodies/Maxus_Deliver7_ME18_2024-_R_D.glb
425	B (Deliver 7 L2H2 FWD 24- — 5372mm (L) 2323mm (W) 2420mm (H) [ME19])	car_bodies/Maxus_Deliver7_ME19_2024-_B.glb
423	L (Deliver 7 L2H2 FWD 24- — 5372mm (L) 2323mm (W) 2420mm (H) [ME19])	car_bodies/Maxus_Deliver7_ME19_2024-_L.glb
424	R_D (Deliver 7 L2H2 FWD 24- — 5372mm (L) 2323mm (W) 2420mm (H) [ME19])	car_bodies/Maxus_Deliver7_ME19_2024-_R_D.glb
428	B (Deliver 7 L2H2 RWD 24- — 5364mm (L) 2323mm (W) 2390mm (H) [ME20])	car_bodies/Maxus_Deliver7_ME20_2024-_B.glb
426	L (Deliver 7 L2H2 RWD 24- — 5364mm (L) 2323mm (W) 2390mm (H) [ME20])	car_bodies/Maxus_Deliver7_ME20_2024-_L.glb
427	R_D (Deliver 7 L2H2 RWD 24- — 5364mm (L) 2323mm (W) 2390mm (H) [ME20])	car_bodies/Maxus_Deliver7_ME20_2024-_R_D.glb
431	B (Deliver 9 L3H2 FWD 20- — 5940mm (L) 2466mm (W) 2535mm (H) [ME21])	car_bodies/Maxus_Deliver9_ME21_2020-_B.glb
429	L (Deliver 9 L3H2 FWD 20- — 5940mm (L) 2466mm (W) 2535mm (H) [ME21])	car_bodies/Maxus_Deliver9_ME21_2020-_L.glb
430	R_D (Deliver 9 L3H2 FWD 20- — 5940mm (L) 2466mm (W) 2535mm (H) [ME21])	car_bodies/Maxus_Deliver9_ME21_2020-_R_D.glb
434	B (Deliver 9 L3H2 RWD 20- — 5940mm (L) 2466mm (W) 2525mm (H) [ME22])	car_bodies/Maxus_Deliver9_ME22_2020-_B.glb
432	L (Deliver 9 L3H2 RWD 20- — 5940mm (L) 2466mm (W) 2525mm (H) [ME22])	car_bodies/Maxus_Deliver9_ME22_2020-_L.glb
433	R_D (Deliver 9 L3H2 RWD 20- — 5940mm (L) 2466mm (W) 2525mm (H) [ME22])	car_bodies/Maxus_Deliver9_ME22_2020-_R_D.glb
443	B (e-Deliver 3 SWB 20- — 4555mm (L) 1780mm (W) 1780mm (H) [ME01])	car_bodies/Maxus_e-Deliver3_ME01_2020-_B.glb
441	L (e-Deliver 3 SWB 20- — 4555mm (L) 1780mm (W) 1780mm (H) [ME01])	car_bodies/Maxus_e-Deliver3_ME01_2020-_L.glb
442	R_D (e-Deliver 3 SWB 20- — 4555mm (L) 1780mm (W) 1780mm (H) [ME01])	car_bodies/Maxus_e-Deliver3_ME01_2020-_R_D.glb
446	B (e-Deliver 3 LWB 20- — 5145mm (L) 1780mm (W) 1780mm (H) [ME02])	car_bodies/Maxus_e-Deliver3_ME02_2020-_B.glb
444	L (e-Deliver 3 LWB 20- — 5145mm (L) 1780mm (W) 1780mm (H) [ME02])	car_bodies/Maxus_e-Deliver3_ME02_2020-_L.glb
445	R_D (e-Deliver 3 LWB 20- — 5145mm (L) 1780mm (W) 1780mm (H) [ME02])	car_bodies/Maxus_e-Deliver3_ME02_2020-_R_D.glb
449	B (e-Deliver 5 L1H1 24- — 4800mm (L) 1874mm (W) 1960mm (H) [ME15])	car_bodies/Maxus_e-Deliver5_ME15_2024-_B.glb
447	L (e-Deliver 5 L1H1 24- — 4800mm (L) 1874mm (W) 1960mm (H) [ME15])	car_bodies/Maxus_e-Deliver5_ME15_2024-_L.glb
448	R_D (e-Deliver 5 L1H1 24- — 4800mm (L) 1874mm (W) 1960mm (H) [ME15])	car_bodies/Maxus_e-Deliver5_ME15_2024-_R_D.glb
452	B (e-Deliver 5 L1H2 24- — 4800mm (L) 1874mm (W) 2180mm (H) [ME16])	car_bodies/Maxus_e-Deliver5_ME16_2024-_B.glb
450	L (e-Deliver 5 L1H2 24- — 4800mm (L) 1874mm (W) 2180mm (H) [ME16])	car_bodies/Maxus_e-Deliver5_ME16_2024-_L.glb
451	R_D (e-Deliver 5 L1H2 24- — 4800mm (L) 1874mm (W) 2180mm (H) [ME16])	car_bodies/Maxus_e-Deliver5_ME16_2024-_R_D.glb
455	B (e-Deliver 7 L1H1 24- — 4998mm (L) 2323mm (W) 1990mm (H) [ME12])	car_bodies/Maxus_e-Deliver7_ME12_2024-_B.glb
453	L (e-Deliver 7 L1H1 24- — 4998mm (L) 2323mm (W) 1990mm (H) [ME12])	car_bodies/Maxus_e-Deliver7_ME12_2024-_L.glb
454	R_D (e-Deliver 7 L1H1 24- — 4998mm (L) 2323mm (W) 1990mm (H) [ME12])	car_bodies/Maxus_e-Deliver7_ME12_2024-_R_D.glb
458	B (e-Deliver 7 L2H1 24- — 5364mm (L) 2323mm (W) 1990mm (H) [ME13])	car_bodies/Maxus_e-Deliver7_ME13_2024-_B.glb
456	L (e-Deliver 7 L2H1 24- — 5364mm (L) 2323mm (W) 1990mm (H) [ME13])	car_bodies/Maxus_e-Deliver7_ME13_2024-_L.glb
457	R_D (e-Deliver 7 L2H1 24- — 5364mm (L) 2323mm (W) 1990mm (H) [ME13])	car_bodies/Maxus_e-Deliver7_ME13_2024-_R_D.glb
461	B (e-Deliver 7 L2H2 24- — 5364mm (L) 2323mm (W) 2390mm (H) [ME14])	car_bodies/Maxus_e-Deliver7_ME14_2024-_B.glb
459	L (e-Deliver 7 L2H2 24- — 5364mm (L) 2323mm (W) 2390mm (H) [ME14])	car_bodies/Maxus_e-Deliver7_ME14_2024-_L.glb
460	R_D (e-Deliver 7 L2H2 24- — 5364mm (L) 2323mm (W) 2390mm (H) [ME14])	car_bodies/Maxus_e-Deliver7_ME14_2024-_R_D.glb
464	B (e-Deliver 9 L2H2 19- — 5546mm (L) 2466mm (W) 2525mm (H) [ME10])	car_bodies/Maxus_e-Deliver9_ME10_2019-_B.glb
462	L (e-Deliver 9 L2H2 19- — 5546mm (L) 2466mm (W) 2525mm (H) [ME10])	car_bodies/Maxus_e-Deliver9_ME10_2019-_L.glb
463	R_D (e-Deliver 9 L2H2 19- — 5546mm (L) 2466mm (W) 2525mm (H) [ME10])	car_bodies/Maxus_e-Deliver9_ME10_2019-_R_D.glb
467	B (e-Deliver 9 L3H2 19- — 5940mm (L) 2466mm (W) 2525mm (H) [ME11])	car_bodies/Maxus_e-Deliver9_ME11_2019-_B.glb
465	L (e-Deliver 9 L3H2 19- — 5940mm (L) 2466mm (W) 2525mm (H) [ME11])	car_bodies/Maxus_e-Deliver9_ME11_2019-_L.glb
466	R_D (e-Deliver 9 L3H2 19- — 5940mm (L) 2466mm (W) 2525mm (H) [ME11])	car_bodies/Maxus_e-Deliver9_ME11_2019-_R_D.glb
437	B (EV80_ME05_2011-2023 [EV80])	car_bodies/Maxus_EV80_ME05_2011-2023_B.glb
435	L (EV80_ME05_2011-2023 [EV80])	car_bodies/Maxus_EV80_ME05_2011-2023_L.glb
436	R_D (EV80_ME05_2011-2023 [EV80])	car_bodies/Maxus_EV80_ME05_2011-2023_R_D.glb
440	B (EV80_ME06_2011-2023 [EV80])	car_bodies/Maxus_EV80_ME06_2011-2023_B.glb
438	L (EV80_ME06_2011-2023 [EV80])	car_bodies/Maxus_EV80_ME06_2011-2023_L.glb
439	R_D (EV80_ME06_2011-2023 [EV80])	car_bodies/Maxus_EV80_ME06_2011-2023_R_D.glb
44	B (Citan_MB15_2012-2021)	car_bodies/Mercedes_Citan_MB15_2012-2021_B.glb
42	L (Citan_MB15_2012-2021)	car_bodies/Mercedes_Citan_MB15_2012-2021_L.glb
43	R_D (Citan_MB15_2012-2021)	car_bodies/Mercedes_Citan_MB15_2012-2021_R_D.glb
92	B (Citan_MB16_2012-2021)	car_bodies/Mercedes_Citan_MB16_2012-2021_B.glb
90	L (Citan_MB16_2012-2021)	car_bodies/Mercedes_Citan_MB16_2012-2021_L.glb
91	R_D (Citan_MB16_2012-2021)	car_bodies/Mercedes_Citan_MB16_2012-2021_R_D.glb
470	B (Citan Standard (L1) 22- — 4486mm (L) 2159mm (W) 1832mm (H) [MB21])	car_bodies/Mercedes_Citan_MB21_2022-_B.glb
468	L (Citan Standard (L1) 22- — 4486mm (L) 2159mm (W) 1832mm (H) [MB21])	car_bodies/Mercedes_Citan_MB21_2022-_L.glb
469	R_D (Citan Standard (L1) 22- — 4486mm (L) 2159mm (W) 1832mm (H) [MB21])	car_bodies/Mercedes_Citan_MB21_2022-_R_D.glb
473	B (Citan Long (L2) 22- — 4922mm (L) 2159mm (W) 1832mm (H) [MB22])	car_bodies/Mercedes_Citan_MB22_2022-_B.glb
471	L (Citan Long (L2) 22- — 4922mm (L) 2159mm (W) 1832mm (H) [MB22])	car_bodies/Mercedes_Citan_MB22_2022-_L.glb
472	R_D (Citan Long (L2) 22- — 4922mm (L) 2159mm (W) 1832mm (H) [MB22])	car_bodies/Mercedes_Citan_MB22_2022-_R_D.glb
476	B (eCitan Standard (L1) 22- — 4486mm (L) 2159mm (W) 1864mm (H) [MB26])	car_bodies/Mercedes_Citan_MB26_2022-_B.glb
474	L (eCitan Standard (L1) 22- — 4486mm (L) 2159mm (W) 1864mm (H) [MB26])	car_bodies/Mercedes_Citan_MB26_2022-_L.glb
475	R_D (eCitan Standard (L1) 22- — 4486mm (L) 2159mm (W) 1864mm (H) [MB26])	car_bodies/Mercedes_Citan_MB26_2022-_R_D.glb
479	B (eCitan Long (L2) 22- — 4922mm (L) 2159mm (W) 1854mm (H) [MB27])	car_bodies/Mercedes_Citan_MB27_2022-_B.glb
477	L (eCitan Long (L2) 22- — 4922mm (L) 2159mm (W) 1854mm (H) [MB27])	car_bodies/Mercedes_Citan_MB27_2022-_L.glb
478	R_D (eCitan Long (L2) 22- — 4922mm (L) 2159mm (W) 1854mm (H) [MB27])	car_bodies/Mercedes_Citan_MB27_2022-_R_D.glb
482	B (Sprinter_MB09_2006-2018 [MB09])	car_bodies/Mercedes_Sprinter_MB09_2006-2018_B.glb
480	L (Sprinter_MB09_2006-2018 [MB09])	car_bodies/Mercedes_Sprinter_MB09_2006-2018_L.glb
481	R_D (Sprinter_MB09_2006-2018 [MB09])	car_bodies/Mercedes_Sprinter_MB09_2006-2018_R_D.glb
485	B (Sprinter_MB10_2006-2018 [MB10])	car_bodies/Mercedes_Sprinter_MB10_2006-2018_B.glb
483	L (Sprinter_MB10_2006-2018 [MB10])	car_bodies/Mercedes_Sprinter_MB10_2006-2018_L.glb
484	R_D (Sprinter_MB10_2006-2018 [MB10])	car_bodies/Mercedes_Sprinter_MB10_2006-2018_R_D.glb
488	B (Sprinter_MB11_2006-2018 [MB11])	car_bodies/Mercedes_Sprinter_MB11_2006-2018_B.glb
486	L (Sprinter_MB11_2006-2018 [MB11])	car_bodies/Mercedes_Sprinter_MB11_2006-2018_L.glb
487	R_D (Sprinter_MB11_2006-2018 [MB11])	car_bodies/Mercedes_Sprinter_MB11_2006-2018_R_D.glb
491	B (Sprinter L2H1 FWD (910) 18- — 5932mm (L) 2345mm (W) 2351mm (H) [MB23])	car_bodies/Mercedes_Sprinter_MB23_2018-_B.glb
489	L (Sprinter L2H1 FWD (910) 18- — 5932mm (L) 2345mm (W) 2351mm (H) [MB23])	car_bodies/Mercedes_Sprinter_MB23_2018-_L.glb
490	R_D (Sprinter L2H1 FWD (910) 18- — 5932mm (L) 2345mm (W) 2351mm (H) [MB23])	car_bodies/Mercedes_Sprinter_MB23_2018-_R_D.glb
494	B (Sprinter_MB28_2018- [MB28])	car_bodies/Mercedes_Sprinter_MB28_2018-_B.glb
492	L (Sprinter_MB28_2018- [MB28])	car_bodies/Mercedes_Sprinter_MB28_2018-_L.glb
493	R_D (Sprinter_MB28_2018- [MB28])	car_bodies/Mercedes_Sprinter_MB28_2018-_R_D.glb
497	B (Sprinter_MB30_2018- [MB30])	car_bodies/Mercedes_Sprinter_MB30_2018-_B.glb
495	L (Sprinter_MB30_2018- [MB30])	car_bodies/Mercedes_Sprinter_MB30_2018-_L.glb
496	R_D (Sprinter_MB30_2018- [MB30])	car_bodies/Mercedes_Sprinter_MB30_2018-_R_D.glb
500	B (Sprinter L2H2 FWD (910) 18- — 5932mm (L) 2345mm (W) 2638mm (H) [MB31])	car_bodies/Mercedes_Sprinter_MB31_2018-_B.glb
498	L (Sprinter L2H2 FWD (910) 18- — 5932mm (L) 2345mm (W) 2638mm (H) [MB31])	car_bodies/Mercedes_Sprinter_MB31_2018-_L.glb
499	R_D (Sprinter L2H2 FWD (910) 18- — 5932mm (L) 2345mm (W) 2638mm (H) [MB31])	car_bodies/Mercedes_Sprinter_MB31_2018-_R_D.glb
503	B (Sprinter_MB32_2006-2018 [MB32])	car_bodies/Mercedes_Sprinter_MB32_2006-2018_B.glb
501	L (Sprinter_MB32_2006-2018 [MB32])	car_bodies/Mercedes_Sprinter_MB32_2006-2018_L.glb
502	R_D (Sprinter_MB32_2006-2018 [MB32])	car_bodies/Mercedes_Sprinter_MB32_2006-2018_R_D.glb
506	B (Sprinter_MB33_2006-2018 [MB33])	car_bodies/Mercedes_Sprinter_MB33_2006-2018_B.glb
504	L (Sprinter_MB33_2006-2018 [MB33])	car_bodies/Mercedes_Sprinter_MB33_2006-2018_L.glb
505	R_D (Sprinter_MB33_2006-2018 [MB33])	car_bodies/Mercedes_Sprinter_MB33_2006-2018_R_D.glb
509	B (Sprinter_MB34_2006-2018 [MB34])	car_bodies/Mercedes_Sprinter_MB34_2006-2018_B.glb
507	L (Sprinter_MB34_2006-2018 [MB34])	car_bodies/Mercedes_Sprinter_MB34_2006-2018_L.glb
508	R_D (Sprinter_MB34_2006-2018 [MB34])	car_bodies/Mercedes_Sprinter_MB34_2006-2018_R_D.glb
512	B (Sprinter_MB35_2006-2018 [MB35])	car_bodies/Mercedes_Sprinter_MB35_2006-2018_B.glb
510	L (Sprinter_MB35_2006-2018 [MB35])	car_bodies/Mercedes_Sprinter_MB35_2006-2018_L.glb
511	R_D (Sprinter_MB35_2006-2018 [MB35])	car_bodies/Mercedes_Sprinter_MB35_2006-2018_R_D.glb
515	B (Sprinter_MB36_2006-2018 [MB36])	car_bodies/Mercedes_Sprinter_MB36_2006-2018_B.glb
513	L (Sprinter_MB36_2006-2018 [MB36])	car_bodies/Mercedes_Sprinter_MB36_2006-2018_L.glb
514	R_D (Sprinter_MB36_2006-2018 [MB36])	car_bodies/Mercedes_Sprinter_MB36_2006-2018_R_D.glb
518	B (Sprinter L1H1 FWD (910) 18- — 5267mm (L) 2345mm (W) 2365mm (H) [MB37])	car_bodies/Mercedes_Sprinter_MB37_2018-_B.glb
516	L (Sprinter L1H1 FWD (910) 18- — 5267mm (L) 2345mm (W) 2365mm (H) [MB37])	car_bodies/Mercedes_Sprinter_MB37_2018-_L.glb
517	R_D (Sprinter L1H1 FWD (910) 18- — 5267mm (L) 2345mm (W) 2365mm (H) [MB37])	car_bodies/Mercedes_Sprinter_MB37_2018-_R_D.glb
521	B (Sprinter L1H2 FWD (910) 18- — 5267mm (L) 2345mm (W) 2655mm (H) [MB38])	car_bodies/Mercedes_Sprinter_MB38_2018-_B.glb
519	L (Sprinter L1H2 FWD (910) 18- — 5267mm (L) 2345mm (W) 2655mm (H) [MB38])	car_bodies/Mercedes_Sprinter_MB38_2018-_L.glb
520	R_D (Sprinter L1H2 FWD (910) 18- — 5267mm (L) 2345mm (W) 2655mm (H) [MB38])	car_bodies/Mercedes_Sprinter_MB38_2018-_R_D.glb
524	B (Sprinter_MB39_2018- [MB39])	car_bodies/Mercedes_Sprinter_MB39_2018-_B.glb
522	L (Sprinter_MB39_2018- [MB39])	car_bodies/Mercedes_Sprinter_MB39_2018-_L.glb
523	R_D (Sprinter_MB39_2018- [MB39])	car_bodies/Mercedes_Sprinter_MB39_2018-_R_D.glb
527	B (Sprinter_MB40_2018- [MB40])	car_bodies/Mercedes_Sprinter_MB40_2018-_B.glb
525	L (Sprinter_MB40_2018- [MB40])	car_bodies/Mercedes_Sprinter_MB40_2018-_L.glb
526	R_D (Sprinter_MB40_2018- [MB40])	car_bodies/Mercedes_Sprinter_MB40_2018-_R_D.glb
530	B (Sprinter_MB41_2018- [MB41])	car_bodies/Mercedes_Sprinter_MB41_2018-_B.glb
528	L (Sprinter_MB41_2018- [MB41])	car_bodies/Mercedes_Sprinter_MB41_2018-_L.glb
529	R_D (Sprinter_MB41_2018- [MB41])	car_bodies/Mercedes_Sprinter_MB41_2018-_R_D.glb
533	B (Sprinter_MB42_2018- [MB42])	car_bodies/Mercedes_Sprinter_MB42_2018-_B.glb
531	L (Sprinter_MB42_2018- [MB42])	car_bodies/Mercedes_Sprinter_MB42_2018-_L.glb
532	R_D (Sprinter_MB42_2018- [MB42])	car_bodies/Mercedes_Sprinter_MB42_2018-_R_D.glb
536	B (Sprinter_MB43_2018- [MB43])	car_bodies/Mercedes_Sprinter_MB43_2018-_B.glb
534	L (Sprinter_MB43_2018- [MB43])	car_bodies/Mercedes_Sprinter_MB43_2018-_L.glb
535	R_D (Sprinter_MB43_2018- [MB43])	car_bodies/Mercedes_Sprinter_MB43_2018-_R_D.glb
539	B (Sprinter_MB44_2018- [MB44])	car_bodies/Mercedes_Sprinter_MB44_2018-_B.glb
537	L (Sprinter_MB44_2018- [MB44])	car_bodies/Mercedes_Sprinter_MB44_2018-_L.glb
538	R_D (Sprinter_MB44_2018- [MB44])	car_bodies/Mercedes_Sprinter_MB44_2018-_R_D.glb
542	B (Sprinter_MB45_2018- [MB45])	car_bodies/Mercedes_Sprinter_MB45_2018-_B.glb
540	L (Sprinter_MB45_2018- [MB45])	car_bodies/Mercedes_Sprinter_MB45_2018-_L.glb
541	R_D (Sprinter_MB45_2018- [MB45])	car_bodies/Mercedes_Sprinter_MB45_2018-_R_D.glb
545	B (Vito Compact 14- — 4895mm (L) 2249mm (W) 1910mm (H) [MB17])	car_bodies/Mercedes_Vito_MB17_2014-_B.glb
543	L (Vito Compact 14- — 4895mm (L) 2249mm (W) 1910mm (H) [MB17])	car_bodies/Mercedes_Vito_MB17_2014-_L.glb
544	R_D (Vito Compact 14- — 4895mm (L) 2249mm (W) 1910mm (H) [MB17])	car_bodies/Mercedes_Vito_MB17_2014-_R_D.glb
548	B (Vito Long 14- — 5140mm (L) 2249mm (W) 1910mm (H) [MB18])	car_bodies/Mercedes_Vito_MB18_2014-_B.glb
546	L (Vito Long 14- — 5140mm (L) 2249mm (W) 1910mm (H) [MB18])	car_bodies/Mercedes_Vito_MB18_2014-_L.glb
547	R_D (Vito Long 14- — 5140mm (L) 2249mm (W) 1910mm (H) [MB18])	car_bodies/Mercedes_Vito_MB18_2014-_R_D.glb
551	B (Vito Extra Long 14- — 5370mm (L) 2249mm (W) 1910mm (H) [MB19])	car_bodies/Mercedes_Vito_MB19_2014-_B.glb
549	L (Vito Extra Long 14- — 5370mm (L) 2249mm (W) 1910mm (H) [MB19])	car_bodies/Mercedes_Vito_MB19_2014-_L.glb
550	R_D (Vito Extra Long 14- — 5370mm (L) 2249mm (W) 1910mm (H) [MB19])	car_bodies/Mercedes_Vito_MB19_2014-_R_D.glb
554	B (Vito Mixto Long 14- — 5140mm (L) 2249mm (W) 1910mm (H) [MB24])	car_bodies/Mercedes_Vito_MB24_2014-_B.glb
552	L (Vito Mixto Long 14- — 5140mm (L) 2249mm (W) 1910mm (H) [MB24])	car_bodies/Mercedes_Vito_MB24_2014-_L.glb
553	R_D (Vito Mixto Long 14- — 5140mm (L) 2249mm (W) 1910mm (H) [MB24])	car_bodies/Mercedes_Vito_MB24_2014-_R_D.glb
557	B (Vito_MB25_2014- [MB25])	car_bodies/Mercedes_Vito_MB25_2014-_B.glb
555	L (Vito_MB25_2014- [MB25])	car_bodies/Mercedes_Vito_MB25_2014-_L.glb
556	R_D (Vito_MB25_2014- [MB25])	car_bodies/Mercedes_Vito_MB25_2014-_R_D.glb
560	B (Vito_MB46_2014- [MB46])	car_bodies/Mercedes_Vito_MB46_2014-_B.glb
558	L (Vito_MB46_2014- [MB46])	car_bodies/Mercedes_Vito_MB46_2014-_L.glb
559	R_D (Vito_MB46_2014- [MB46])	car_bodies/Mercedes_Vito_MB46_2014-_R_D.glb
563	B (Vito_MB47_2014- [MB47])	car_bodies/Mercedes_Vito_MB47_2014-_B.glb
561	L (Vito_MB47_2014- [MB47])	car_bodies/Mercedes_Vito_MB47_2014-_L.glb
562	R_D (Vito_MB47_2014- [MB47])	car_bodies/Mercedes_Vito_MB47_2014-_R_D.glb
47	B (Interstar_NI12_2010-2023)	car_bodies/Nissan_Interstar_NI12_2010-2023_B.glb
45	L (Interstar_NI12_2010-2023)	car_bodies/Nissan_Interstar_NI12_2010-2023_L.glb
46	R_D (Interstar_NI12_2010-2023)	car_bodies/Nissan_Interstar_NI12_2010-2023_R_D.glb
95	B (Interstar_NI13_2010-2023)	car_bodies/Nissan_Interstar_NI13_2010-2023_B.glb
93	L (Interstar_NI13_2010-2023)	car_bodies/Nissan_Interstar_NI13_2010-2023_L.glb
94	R_D (Interstar_NI13_2010-2023)	car_bodies/Nissan_Interstar_NI13_2010-2023_R_D.glb
566	B (Interstar_NI14_2010-2023 [NI14])	car_bodies/Nissan_Interstar_NI14_2010-2023_B.glb
564	L (Interstar_NI14_2010-2023 [NI14])	car_bodies/Nissan_Interstar_NI14_2010-2023_L.glb
565	R_D (Interstar_NI14_2010-2023 [NI14])	car_bodies/Nissan_Interstar_NI14_2010-2023_R_D.glb
569	B (Interstar_NI15_2010-2023 [NI15])	car_bodies/Nissan_Interstar_NI15_2010-2023_B.glb
567	L (Interstar_NI15_2010-2023 [NI15])	car_bodies/Nissan_Interstar_NI15_2010-2023_L.glb
568	R_D (Interstar_NI15_2010-2023 [NI15])	car_bodies/Nissan_Interstar_NI15_2010-2023_R_D.glb
572	B (Interstar L2H2 24- — 5681mm (L) 2466mm (W) 2500mm (H) [NI26])	car_bodies/Nissan_Interstar_NI26_2024-_B.glb
570	L (Interstar L2H2 24- — 5681mm (L) 2466mm (W) 2500mm (H) [NI26])	car_bodies/Nissan_Interstar_NI26_2024-_L.glb
571	R_D (Interstar L2H2 24- — 5681mm (L) 2466mm (W) 2500mm (H) [NI26])	car_bodies/Nissan_Interstar_NI26_2024-_R_D.glb
575	B (Interstar L3H2 24- — 6311mm (L) 2466mm (W) 2500mm (H) [NI27])	car_bodies/Nissan_Interstar_NI27_2024-_B.glb
573	L (Interstar L3H2 24- — 6311mm (L) 2466mm (W) 2500mm (H) [NI27])	car_bodies/Nissan_Interstar_NI27_2024-_L.glb
574	R_D (Interstar L3H2 24- — 6311mm (L) 2466mm (W) 2500mm (H) [NI27])	car_bodies/Nissan_Interstar_NI27_2024-_R_D.glb
578	B (Interstar L3H3 24- — 6311mm (L) 2466mm (W) 2780mm (H) [NI28])	car_bodies/Nissan_Interstar_NI28_2024-_B.glb
576	L (Interstar L3H3 24- — 6311mm (L) 2466mm (W) 2780mm (H) [NI28])	car_bodies/Nissan_Interstar_NI28_2024-_L.glb
577	R_D (Interstar L3H3 24- — 6311mm (L) 2466mm (W) 2780mm (H) [NI28])	car_bodies/Nissan_Interstar_NI28_2024-_R_D.glb
581	B (NV200_NI11_2009-2019 [NV200])	car_bodies/Nissan_NV200_NI11_2009-2019_B.glb
579	L (NV200_NI11_2009-2019 [NV200])	car_bodies/Nissan_NV200_NI11_2009-2019_L.glb
580	R_D (NV200_NI11_2009-2019 [NV200])	car_bodies/Nissan_NV200_NI11_2009-2019_R_D.glb
584	B (NV250_NI20_2019-2021 [NV250])	car_bodies/Nissan_NV250_NI20_2019-2021_B.glb
582	L (NV250_NI20_2019-2021 [NV250])	car_bodies/Nissan_NV250_NI20_2019-2021_L.glb
583	R_D (NV250_NI20_2019-2021 [NV250])	car_bodies/Nissan_NV250_NI20_2019-2021_R_D.glb
587	B (NV250_NI21_2019-2021 [NV250])	car_bodies/Nissan_NV250_NI21_2019-2021_B.glb
585	L (NV250_NI21_2019-2021 [NV250])	car_bodies/Nissan_NV250_NI21_2019-2021_L.glb
586	R_D (NV250_NI21_2019-2021 [NV250])	car_bodies/Nissan_NV250_NI21_2019-2021_R_D.glb
590	B (NV300_NI19_2016- [NV300])	car_bodies/Nissan_NV300_NI19_2016-_B.glb
588	L (NV300_NI19_2016- [NV300])	car_bodies/Nissan_NV300_NI19_2016-_L.glb
589	R_D (NV300_NI19_2016- [NV300])	car_bodies/Nissan_NV300_NI19_2016-_R_D.glb
593	B (Townstar L1 22- — 4486mm (L) 2159mm (W) 1818mm (H) [NI22])	car_bodies/Nissan_Townstar_NI22_2022-_B.glb
591	L (Townstar L1 22- — 4486mm (L) 2159mm (W) 1818mm (H) [NI22])	car_bodies/Nissan_Townstar_NI22_2022-_L.glb
592	R_D (Townstar L1 22- — 4486mm (L) 2159mm (W) 1818mm (H) [NI22])	car_bodies/Nissan_Townstar_NI22_2022-_R_D.glb
596	B (Townstar  L2 22- — 4910mm (L) 2159mm (W) 1854mm (H) [NI23])	car_bodies/Nissan_Townstar_NI23_2022-_B.glb
594	L (Townstar  L2 22- — 4910mm (L) 2159mm (W) 1854mm (H) [NI23])	car_bodies/Nissan_Townstar_NI23_2022-_L.glb
595	R_D (Townstar  L2 22- — 4910mm (L) 2159mm (W) 1854mm (H) [NI23])	car_bodies/Nissan_Townstar_NI23_2022-_R_D.glb
599	B (Townstar Electric L1 22- — 4886mm (L) 2159mm (W) 1864mm (H) [NI24])	car_bodies/Nissan_Townstar_NI24_2022-_B.glb
597	L (Townstar Electric L1 22- — 4886mm (L) 2159mm (W) 1864mm (H) [NI24])	car_bodies/Nissan_Townstar_NI24_2022-_L.glb
598	R_D (Townstar Electric L1 22- — 4886mm (L) 2159mm (W) 1864mm (H) [NI24])	car_bodies/Nissan_Townstar_NI24_2022-_R_D.glb
602	B (Townstar Electric L2H1 22- — 4910mm (L) 2159mm (W) 1854mm (H) [NI25])	car_bodies/Nissan_Townstar_NI25_2022-_B.glb
600	L (Townstar Electric L2H1 22- — 4910mm (L) 2159mm (W) 1854mm (H) [NI25])	car_bodies/Nissan_Townstar_NI25_2022-_L.glb
601	R_D (Townstar Electric L2H1 22- — 4910mm (L) 2159mm (W) 1854mm (H) [NI25])	car_bodies/Nissan_Townstar_NI25_2022-_R_D.glb
50	B (Combo_OP12_2012-2018)	car_bodies/Opel_Combo_OP12_2012-2018_B.glb
48	L (Combo_OP12_2012-2018)	car_bodies/Opel_Combo_OP12_2012-2018_L.glb
49	R_D (Combo_OP12_2012-2018)	car_bodies/Opel_Combo_OP12_2012-2018_R_D.glb
98	B (Combo_OP13_2012-2018)	car_bodies/Opel_Combo_OP13_2012-2018_B.glb
96	L (Combo_OP13_2012-2018)	car_bodies/Opel_Combo_OP13_2012-2018_L.glb
97	R_D (Combo_OP13_2012-2018)	car_bodies/Opel_Combo_OP13_2012-2018_R_D.glb
605	B (Combo L1 19- — 4403mm (L) 2107mm (W) 1860mm (H) [OP16])	car_bodies/Opel_Combo_OP16_2019-_B.glb
603	L (Combo L1 19- — 4403mm (L) 2107mm (W) 1860mm (H) [OP16])	car_bodies/Opel_Combo_OP16_2019-_L.glb
604	R_D (Combo L1 19- — 4403mm (L) 2107mm (W) 1860mm (H) [OP16])	car_bodies/Opel_Combo_OP16_2019-_R_D.glb
608	B (Combo L2 19- — 4753mm (L) 2107mm (W) 1860mm (H) [OP17])	car_bodies/Opel_Combo_OP17_2019-_B.glb
606	L (Combo L2 19- — 4753mm (L) 2107mm (W) 1860mm (H) [OP17])	car_bodies/Opel_Combo_OP17_2019-_L.glb
607	R_D (Combo L2 19- — 4753mm (L) 2107mm (W) 1860mm (H) [OP17])	car_bodies/Opel_Combo_OP17_2019-_R_D.glb
611	B (Combo Electric L1 21- — 4403mm (L) 2107mm (W) 1880mm (H) [OP29])	car_bodies/Opel_Combo_OP29_2021-_B.glb
609	L (Combo Electric L1 21- — 4403mm (L) 2107mm (W) 1880mm (H) [OP29])	car_bodies/Opel_Combo_OP29_2021-_L.glb
610	R_D (Combo Electric L1 21- — 4403mm (L) 2107mm (W) 1880mm (H) [OP29])	car_bodies/Opel_Combo_OP29_2021-_R_D.glb
614	B (Combo Electric L2 21- — 4753mm (L) 2107mm (W) 1880mm (H) [OP30])	car_bodies/Opel_Combo_OP30_2021-_B.glb
612	L (Combo Electric L2 21- — 4753mm (L) 2107mm (W) 1880mm (H) [OP30])	car_bodies/Opel_Combo_OP30_2021-_L.glb
613	R_D (Combo Electric L2 21- — 4753mm (L) 2107mm (W) 1880mm (H) [OP30])	car_bodies/Opel_Combo_OP30_2021-_R_D.glb
617	B (Movano_OP08_2010-2020 [OP08])	car_bodies/Opel_Movano_OP08_2010-2020_B.glb
615	L (Movano_OP08_2010-2020 [OP08])	car_bodies/Opel_Movano_OP08_2010-2020_L.glb
616	R_D (Movano_OP08_2010-2020 [OP08])	car_bodies/Opel_Movano_OP08_2010-2020_R_D.glb
620	B (Movano_OP09_2010-2020 [OP09])	car_bodies/Opel_Movano_OP09_2010-2020_B.glb
618	L (Movano_OP09_2010-2020 [OP09])	car_bodies/Opel_Movano_OP09_2010-2020_L.glb
619	R_D (Movano_OP09_2010-2020 [OP09])	car_bodies/Opel_Movano_OP09_2010-2020_R_D.glb
623	B (Movano_OP10_2010-2020 [OP10])	car_bodies/Opel_Movano_OP10_2010-2020_B.glb
621	L (Movano_OP10_2010-2020 [OP10])	car_bodies/Opel_Movano_OP10_2010-2020_L.glb
622	R_D (Movano_OP10_2010-2020 [OP10])	car_bodies/Opel_Movano_OP10_2010-2020_R_D.glb
626	B (Movano_OP11_2010-2020 [OP11])	car_bodies/Opel_Movano_OP11_2010-2020_B.glb
624	L (Movano_OP11_2010-2020 [OP11])	car_bodies/Opel_Movano_OP11_2010-2020_L.glb
625	R_D (Movano_OP11_2010-2020 [OP11])	car_bodies/Opel_Movano_OP11_2010-2020_R_D.glb
629	B (Movano L1H1 21- — 4963mm (L) 2254mm (W) 2254mm (H) [OP22])	car_bodies/Opel_Movano_OP22_2021-_B.glb
627	L (Movano L1H1 21- — 4963mm (L) 2254mm (W) 2254mm (H) [OP22])	car_bodies/Opel_Movano_OP22_2021-_L.glb
628	R_D (Movano L1H1 21- — 4963mm (L) 2254mm (W) 2254mm (H) [OP22])	car_bodies/Opel_Movano_OP22_2021-_R_D.glb
632	B (Movano L2H2 21- — 5413mm (L) 2254mm (W) 2522mm (H) [OP23])	car_bodies/Opel_Movano_OP23_2021-_B.glb
630	L (Movano L2H2 21- — 5413mm (L) 2254mm (W) 2522mm (H) [OP23])	car_bodies/Opel_Movano_OP23_2021-_L.glb
631	R_D (Movano L2H2 21- — 5413mm (L) 2254mm (W) 2522mm (H) [OP23])	car_bodies/Opel_Movano_OP23_2021-_R_D.glb
635	B (Movano L3H2 21- — 5998mm (L) 2254mm (W) 2522mm (H) [OP24])	car_bodies/Opel_Movano_OP24_2021-_B.glb
633	L (Movano L3H2 21- — 5998mm (L) 2254mm (W) 2522mm (H) [OP24])	car_bodies/Opel_Movano_OP24_2021-_L.glb
634	R_D (Movano L3H2 21- — 5998mm (L) 2254mm (W) 2522mm (H) [OP24])	car_bodies/Opel_Movano_OP24_2021-_R_D.glb
638	B (Movano_OP25_2021- [OP25])	car_bodies/Opel_Movano_OP25_2021-_B.glb
636	L (Movano_OP25_2021- [OP25])	car_bodies/Opel_Movano_OP25_2021-_L.glb
637	R_D (Movano_OP25_2021- [OP25])	car_bodies/Opel_Movano_OP25_2021-_R_D.glb
641	B (Movano L2H1 20- — 5413mm (L) 2050mm (W) 2254mm (H) [OP28])	car_bodies/Opel_Movano_OP28_2021-_B.glb
639	L (Movano L2H1 20- — 5413mm (L) 2050mm (W) 2254mm (H) [OP28])	car_bodies/Opel_Movano_OP28_2021-_L.glb
640	R_D (Movano L2H1 20- — 5413mm (L) 2050mm (W) 2254mm (H) [OP28])	car_bodies/Opel_Movano_OP28_2021-_R_D.glb
644	B (Vivaro_OP18_2019- [OP18])	car_bodies/Opel_Vivaro_OP18_2019-_B.glb
642	L (Vivaro_OP18_2019- [OP18])	car_bodies/Opel_Vivaro_OP18_2019-_L.glb
643	R_D (Vivaro_OP18_2019- [OP18])	car_bodies/Opel_Vivaro_OP18_2019-_R_D.glb
647	B (Vivaro_OP19_2019- [OP19])	car_bodies/Opel_Vivaro_OP19_2019-_B.glb
645	L (Vivaro_OP19_2019- [OP19])	car_bodies/Opel_Vivaro_OP19_2019-_L.glb
646	R_D (Vivaro_OP19_2019- [OP19])	car_bodies/Opel_Vivaro_OP19_2019-_R_D.glb
650	B (Vivaro_OP20_2019- [OP20])	car_bodies/Opel_Vivaro_OP20_2019-_B.glb
648	L (Vivaro_OP20_2019- [OP20])	car_bodies/Opel_Vivaro_OP20_2019-_L.glb
649	R_D (Vivaro_OP20_2019- [OP20])	car_bodies/Opel_Vivaro_OP20_2019-_R_D.glb
653	B (Vivaro_OP21_2014-2019 [OP21])	car_bodies/Opel_Vivaro_OP21_2014-2019_B.glb
651	L (Vivaro_OP21_2014-2019 [OP21])	car_bodies/Opel_Vivaro_OP21_2014-2019_L.glb
652	R_D (Vivaro_OP21_2014-2019 [OP21])	car_bodies/Opel_Vivaro_OP21_2014-2019_R_D.glb
656	B (Vivaro_OP26_2019- [OP26])	car_bodies/Opel_Vivaro_OP26_2019-_B.glb
654	L (Vivaro_OP26_2019- [OP26])	car_bodies/Opel_Vivaro_OP26_2019-_L.glb
655	R_D (Vivaro_OP26_2019- [OP26])	car_bodies/Opel_Vivaro_OP26_2019-_R_D.glb
659	B (Vivaro_OP27_2019- [OP27])	car_bodies/Opel_Vivaro_OP27_2019-_B.glb
657	L (Vivaro_OP27_2019- [OP27])	car_bodies/Opel_Vivaro_OP27_2019-_L.glb
658	R_D (Vivaro_OP27_2019- [OP27])	car_bodies/Opel_Vivaro_OP27_2019-_R_D.glb
662	B (Vivaro Electric L1 20- — 4609mm (L) 2204mm (W) 1905mm (H) [OP31])	car_bodies/Opel_Vivaro_OP31_2020-_B.glb
660	L (Vivaro Electric L1 20- — 4609mm (L) 2204mm (W) 1905mm (H) [OP31])	car_bodies/Opel_Vivaro_OP31_2020-_L.glb
661	R_D (Vivaro Electric L1 20- — 4609mm (L) 2204mm (W) 1905mm (H) [OP31])	car_bodies/Opel_Vivaro_OP31_2020-_R_D.glb
665	B (Vivaro Electric L2 20- — 4956mm (L) 2204mm (W) 1895mm (H) [OP32])	car_bodies/Opel_Vivaro_OP32_2020-_B.glb
663	L (Vivaro Electric L2 20- — 4956mm (L) 2204mm (W) 1895mm (H) [OP32])	car_bodies/Opel_Vivaro_OP32_2020-_L.glb
664	R_D (Vivaro Electric L2 20- — 4956mm (L) 2204mm (W) 1895mm (H) [OP32])	car_bodies/Opel_Vivaro_OP32_2020-_R_D.glb
668	B (Vivaro Electric L3 20- — 5309mm (L) 2204mm (W) 1895mm (H) [OP33])	car_bodies/Opel_Vivaro_OP33_2020-_B.glb
666	L (Vivaro Electric L3 20- — 5309mm (L) 2204mm (W) 1895mm (H) [OP33])	car_bodies/Opel_Vivaro_OP33_2020-_L.glb
667	R_D (Vivaro Electric L3 20- — 5309mm (L) 2204mm (W) 1895mm (H) [OP33])	car_bodies/Opel_Vivaro_OP33_2020-_R_D.glb
53	B (Boxer_PE08_2014-)	car_bodies/Peugeot_Boxer_PE08_2014-_B.glb
51	L (Boxer_PE08_2014-)	car_bodies/Peugeot_Boxer_PE08_2014-_L.glb
52	R_D (Boxer_PE08_2014-)	car_bodies/Peugeot_Boxer_PE08_2014-_R_D.glb
101	B (Boxer_PE09_2014-)	car_bodies/Peugeot_Boxer_PE09_2014-_B.glb
99	L (Boxer_PE09_2014-)	car_bodies/Peugeot_Boxer_PE09_2014-_L.glb
100	R_D (Boxer_PE09_2014-)	car_bodies/Peugeot_Boxer_PE09_2014-_R_D.glb
671	B (Boxer L3H2 14- — 5990mm (L) 2254mm (W) 2520mm (H) [PE10])	car_bodies/Peugeot_Boxer_PE10_2014-_B.glb
669	L (Boxer L3H2 14- — 5990mm (L) 2254mm (W) 2520mm (H) [PE10])	car_bodies/Peugeot_Boxer_PE10_2014-_L.glb
670	R_D (Boxer L3H2 14- — 5990mm (L) 2254mm (W) 2520mm (H) [PE10])	car_bodies/Peugeot_Boxer_PE10_2014-_R_D.glb
674	B (Boxer_PE11_2014- [PE11])	car_bodies/Peugeot_Boxer_PE11_2014-_B.glb
672	L (Boxer_PE11_2014- [PE11])	car_bodies/Peugeot_Boxer_PE11_2014-_L.glb
673	R_D (Boxer_PE11_2014- [PE11])	car_bodies/Peugeot_Boxer_PE11_2014-_R_D.glb
677	B (Boxer L2H1 14- — 5413mm (L) 2050mm (W) 2254mm (H) [PE22])	car_bodies/Peugeot_Boxer_PE22_2014-_B.glb
675	L (Boxer L2H1 14- — 5413mm (L) 2050mm (W) 2254mm (H) [PE22])	car_bodies/Peugeot_Boxer_PE22_2014-_L.glb
676	R_D (Boxer L2H1 14- — 5413mm (L) 2050mm (W) 2254mm (H) [PE22])	car_bodies/Peugeot_Boxer_PE22_2014-_R_D.glb
680	B (Boxer_PE28_2014- [PE28])	car_bodies/Peugeot_Boxer_PE28_2014-_B.glb
678	L (Boxer_PE28_2014- [PE28])	car_bodies/Peugeot_Boxer_PE28_2014-_L.glb
679	R_D (Boxer_PE28_2014- [PE28])	car_bodies/Peugeot_Boxer_PE28_2014-_R_D.glb
683	B (Expert_PE12_2007-2015 [PE12])	car_bodies/Peugeot_Expert_PE12_2007-2015_B.glb
681	L (Expert_PE12_2007-2015 [PE12])	car_bodies/Peugeot_Expert_PE12_2007-2015_L.glb
682	R_D (Expert_PE12_2007-2015 [PE12])	car_bodies/Peugeot_Expert_PE12_2007-2015_R_D.glb
686	B (Expert_PE13_2007-2015 [PE13])	car_bodies/Peugeot_Expert_PE13_2007-2015_B.glb
684	L (Expert_PE13_2007-2015 [PE13])	car_bodies/Peugeot_Expert_PE13_2007-2015_L.glb
685	R_D (Expert_PE13_2007-2015 [PE13])	car_bodies/Peugeot_Expert_PE13_2007-2015_R_D.glb
689	B (Expert_PE14_2007-2015 [PE14])	car_bodies/Peugeot_Expert_PE14_2007-2015_B.glb
687	L (Expert_PE14_2007-2015 [PE14])	car_bodies/Peugeot_Expert_PE14_2007-2015_L.glb
688	R_D (Expert_PE14_2007-2015 [PE14])	car_bodies/Peugeot_Expert_PE14_2007-2015_R_D.glb
692	B (Expert_PE15_2016- [PE15])	car_bodies/Peugeot_Expert_PE15_2016-_B.glb
690	L (Expert_PE15_2016- [PE15])	car_bodies/Peugeot_Expert_PE15_2016-_L.glb
691	R_D (Expert_PE15_2016- [PE15])	car_bodies/Peugeot_Expert_PE15_2016-_R_D.glb
695	B (Expert_PE16_2016- [PE16])	car_bodies/Peugeot_Expert_PE16_2016-_B.glb
693	L (Expert_PE16_2016- [PE16])	car_bodies/Peugeot_Expert_PE16_2016-_L.glb
694	R_D (Expert_PE16_2016- [PE16])	car_bodies/Peugeot_Expert_PE16_2016-_R_D.glb
698	B (Expert_PE17_2016- [PE17])	car_bodies/Peugeot_Expert_PE17_2016-_B.glb
696	L (Expert_PE17_2016- [PE17])	car_bodies/Peugeot_Expert_PE17_2016-_L.glb
697	R_D (Expert_PE17_2016- [PE17])	car_bodies/Peugeot_Expert_PE17_2016-_R_D.glb
701	B (Expert_PE20_2016- [PE20])	car_bodies/Peugeot_Expert_PE20_2016-_B.glb
699	L (Expert_PE20_2016- [PE20])	car_bodies/Peugeot_Expert_PE20_2016-_L.glb
700	R_D (Expert_PE20_2016- [PE20])	car_bodies/Peugeot_Expert_PE20_2016-_R_D.glb
704	B (Expert_PE21_2016- [PE21])	car_bodies/Peugeot_Expert_PE21_2016-_B.glb
702	L (Expert_PE21_2016- [PE21])	car_bodies/Peugeot_Expert_PE21_2016-_L.glb
703	R_D (Expert_PE21_2016- [PE21])	car_bodies/Peugeot_Expert_PE21_2016-_R_D.glb
707	B (e-Expert L1 21- — 4609mm (L) 2204mm (W) 1905mm (H) [PE25])	car_bodies/Peugeot_Expert_PE25_2021-_B.glb
705	L (e-Expert L1 21- — 4609mm (L) 2204mm (W) 1905mm (H) [PE25])	car_bodies/Peugeot_Expert_PE25_2021-_L.glb
706	R_D (e-Expert L1 21- — 4609mm (L) 2204mm (W) 1905mm (H) [PE25])	car_bodies/Peugeot_Expert_PE25_2021-_R_D.glb
710	B (e-Expert L2 21- — 4956mm (L) 2204mm (W) 1895mm (H) [PE26])	car_bodies/Peugeot_Expert_PE26_2021-_B.glb
708	L (e-Expert L2 21- — 4956mm (L) 2204mm (W) 1895mm (H) [PE26])	car_bodies/Peugeot_Expert_PE26_2021-_L.glb
709	R_D (e-Expert L2 21- — 4956mm (L) 2204mm (W) 1895mm (H) [PE26])	car_bodies/Peugeot_Expert_PE26_2021-_R_D.glb
713	B (e-Expert L3 21- — 5309mm (L) 2204mm (W) 1895mm (H) [PE27])	car_bodies/Peugeot_Expert_PE27_2021-_B.glb
711	L (e-Expert L3 21- — 5309mm (L) 2204mm (W) 1895mm (H) [PE27])	car_bodies/Peugeot_Expert_PE27_2021-_L.glb
712	R_D (e-Expert L3 21- — 5309mm (L) 2204mm (W) 1895mm (H) [PE27])	car_bodies/Peugeot_Expert_PE27_2021-_R_D.glb
716	B (Partner_PE02_2008-2018 [PE02])	car_bodies/Peugeot_Partner_PE02_2008-2018_B.glb
714	L (Partner_PE02_2008-2018 [PE02])	car_bodies/Peugeot_Partner_PE02_2008-2018_L.glb
715	R_D (Partner_PE02_2008-2018 [PE02])	car_bodies/Peugeot_Partner_PE02_2008-2018_R_D.glb
719	B (Partner_PE03_2008-2018 [PE03])	car_bodies/Peugeot_Partner_PE03_2008-2018_B.glb
717	L (Partner_PE03_2008-2018 [PE03])	car_bodies/Peugeot_Partner_PE03_2008-2018_L.glb
718	R_D (Partner_PE03_2008-2018 [PE03])	car_bodies/Peugeot_Partner_PE03_2008-2018_R_D.glb
722	B (Partner L1 19- — 4403mm (L) 2107mm (W) 1880mm (H) [PE18])	car_bodies/Peugeot_Partner_PE18_2019-_B.glb
720	L (Partner L1 19- — 4403mm (L) 2107mm (W) 1880mm (H) [PE18])	car_bodies/Peugeot_Partner_PE18_2019-_L.glb
721	R_D (Partner L1 19- — 4403mm (L) 2107mm (W) 1880mm (H) [PE18])	car_bodies/Peugeot_Partner_PE18_2019-_R_D.glb
725	B (Partner L2 19- — 4753mm (L) 2107mm (W) 1880mm (H) [PE19])	car_bodies/Peugeot_Partner_PE19_2019-_B.glb
723	L (Partner L2 19- — 4753mm (L) 2107mm (W) 1880mm (H) [PE19])	car_bodies/Peugeot_Partner_PE19_2019-_L.glb
724	R_D (Partner L2 19- — 4753mm (L) 2107mm (W) 1880mm (H) [PE19])	car_bodies/Peugeot_Partner_PE19_2019-_R_D.glb
728	B (e-Partner L1 21- — 4403mm (L) 2107mm (W) 1880mm (H) [PE23])	car_bodies/Peugeot_Partner_PE23_2021-_B.glb
726	L (e-Partner L1 21- — 4403mm (L) 2107mm (W) 1880mm (H) [PE23])	car_bodies/Peugeot_Partner_PE23_2021-_L.glb
727	R_D (e-Partner L1 21- — 4403mm (L) 2107mm (W) 1880mm (H) [PE23])	car_bodies/Peugeot_Partner_PE23_2021-_R_D.glb
731	B (e-Partner L2 21- — 4753mm (L) 2107mm (W) 1880mm (H) [PE24])	car_bodies/Peugeot_Partner_PE24_2021-_B.glb
729	L (e-Partner L2 21- — 4753mm (L) 2107mm (W) 1880mm (H) [PE24])	car_bodies/Peugeot_Partner_PE24_2021-_L.glb
730	R_D (e-Partner L2 21- — 4753mm (L) 2107mm (W) 1880mm (H) [PE24])	car_bodies/Peugeot_Partner_PE24_2021-_R_D.glb
56	B (4_RE26_2025-)	car_bodies/Renault_4_RE26_2025-_B.glb
54	L (4_RE26_2025-)	car_bodies/Renault_4_RE26_2025-_L.glb
55	R_D (4_RE26_2025-)	car_bodies/Renault_4_RE26_2025-_R_D.glb
104	B (4_RE27_2025-)	car_bodies/Renault_4_RE27_2025-_B.glb
102	L (4_RE27_2025-)	car_bodies/Renault_4_RE27_2025-_L.glb
103	R_D (4_RE27_2025-)	car_bodies/Renault_4_RE27_2025-_R_D.glb
734	B (Express Van 21- — 4393mm (L) 2079mm (W) 1893mm (H) [RE18])	car_bodies/Renault_Express_RE18_2021-_B.glb
732	L (Express Van 21- — 4393mm (L) 2079mm (W) 1893mm (H) [RE18])	car_bodies/Renault_Express_RE18_2021-_L.glb
733	R_D (Express Van 21- — 4393mm (L) 2079mm (W) 1893mm (H) [RE18])	car_bodies/Renault_Express_RE18_2021-_R_D.glb
737	B (Kangoo_RE07_2007-2021 [RE07])	car_bodies/Renault_Kangoo_RE07_2007-2021_B.glb
735	L (Kangoo_RE07_2007-2021 [RE07])	car_bodies/Renault_Kangoo_RE07_2007-2021_L.glb
736	R_D (Kangoo_RE07_2007-2021 [RE07])	car_bodies/Renault_Kangoo_RE07_2007-2021_R_D.glb
740	B (Kangoo_RE08_2007-2021 [RE08])	car_bodies/Renault_Kangoo_RE08_2007-2021_B.glb
738	L (Kangoo_RE08_2007-2021 [RE08])	car_bodies/Renault_Kangoo_RE08_2007-2021_L.glb
739	R_D (Kangoo_RE08_2007-2021 [RE08])	car_bodies/Renault_Kangoo_RE08_2007-2021_R_D.glb
743	B (Kangoo L1 22- — 4486mm (L) 2159mm (W) 1864mm (H) [RE19])	car_bodies/Renault_Kangoo_RE19_2022-_B.glb
741	L (Kangoo L1 22- — 4486mm (L) 2159mm (W) 1864mm (H) [RE19])	car_bodies/Renault_Kangoo_RE19_2022-_L.glb
742	R_D (Kangoo L1 22- — 4486mm (L) 2159mm (W) 1864mm (H) [RE19])	car_bodies/Renault_Kangoo_RE19_2022-_R_D.glb
746	B (Kangoo L2 22- — 4910mm (L) 2159mm (W) 1854mm (H) [RE20])	car_bodies/Renault_Kangoo_RE20_2022-_B.glb
744	L (Kangoo L2 22- — 4910mm (L) 2159mm (W) 1854mm (H) [RE20])	car_bodies/Renault_Kangoo_RE20_2022-_L.glb
745	R_D (Kangoo L2 22- — 4910mm (L) 2159mm (W) 1854mm (H) [RE20])	car_bodies/Renault_Kangoo_RE20_2022-_R_D.glb
749	B (Kangoo E-Tech L1 22- — 4886mm (L) 2159mm (W) 1864mm (H) [RE21])	car_bodies/Renault_Kangoo_RE21_2022-_B.glb
747	L (Kangoo E-Tech L1 22- — 4886mm (L) 2159mm (W) 1864mm (H) [RE21])	car_bodies/Renault_Kangoo_RE21_2022-_L.glb
748	R_D (Kangoo E-Tech L1 22- — 4886mm (L) 2159mm (W) 1864mm (H) [RE21])	car_bodies/Renault_Kangoo_RE21_2022-_R_D.glb
752	B (Kangoo E-Tech L2 22- — 4910mm (L) 2159mm (W) 1854mm (H) [RE22])	car_bodies/Renault_Kangoo_RE22_2022-_B.glb
750	L (Kangoo E-Tech L2 22- — 4910mm (L) 2159mm (W) 1854mm (H) [RE22])	car_bodies/Renault_Kangoo_RE22_2022-_L.glb
751	R_D (Kangoo E-Tech L2 22- — 4910mm (L) 2159mm (W) 1854mm (H) [RE22])	car_bodies/Renault_Kangoo_RE22_2022-_R_D.glb
755	B (Master_RE09_2010-2023 [RE09])	car_bodies/Renault_Master_RE09_2010-2023_B.glb
753	L (Master_RE09_2010-2023 [RE09])	car_bodies/Renault_Master_RE09_2010-2023_L.glb
754	R_D (Master_RE09_2010-2023 [RE09])	car_bodies/Renault_Master_RE09_2010-2023_R_D.glb
758	B (Master_RE10_2010-2023 [RE10])	car_bodies/Renault_Master_RE10_2010-2023_B.glb
756	L (Master_RE10_2010-2023 [RE10])	car_bodies/Renault_Master_RE10_2010-2023_L.glb
757	R_D (Master_RE10_2010-2023 [RE10])	car_bodies/Renault_Master_RE10_2010-2023_R_D.glb
761	B (Master_RE11_2010-2023 [RE11])	car_bodies/Renault_Master_RE11_2010-2023_B.glb
759	L (Master_RE11_2010-2023 [RE11])	car_bodies/Renault_Master_RE11_2010-2023_L.glb
760	R_D (Master_RE11_2010-2023 [RE11])	car_bodies/Renault_Master_RE11_2010-2023_R_D.glb
764	B (Master_RE12_2010-2023 [RE12])	car_bodies/Renault_Master_RE12_2010-2023_B.glb
762	L (Master_RE12_2010-2023 [RE12])	car_bodies/Renault_Master_RE12_2010-2023_L.glb
763	R_D (Master_RE12_2010-2023 [RE12])	car_bodies/Renault_Master_RE12_2010-2023_R_D.glb
767	B (Master L2H2 24- — 5681mm (L) 2466mm (W) 2500mm (H) [RE23])	car_bodies/Renault_Master_RE23_2024-_B.glb
765	L (Master L2H2 24- — 5681mm (L) 2466mm (W) 2500mm (H) [RE23])	car_bodies/Renault_Master_RE23_2024-_L.glb
766	R_D (Master L2H2 24- — 5681mm (L) 2466mm (W) 2500mm (H) [RE23])	car_bodies/Renault_Master_RE23_2024-_R_D.glb
770	B (Master L3H2 24- — 6311mm (L) 2466mm (W) 2500mm (H) [RE24])	car_bodies/Renault_Master_RE24_2024-_B.glb
768	L (Master L3H2 24- — 6311mm (L) 2466mm (W) 2500mm (H) [RE24])	car_bodies/Renault_Master_RE24_2024-_L.glb
769	R_D (Master L3H2 24- — 6311mm (L) 2466mm (W) 2500mm (H) [RE24])	car_bodies/Renault_Master_RE24_2024-_R_D.glb
773	B (Master L3H3 24- — 6311mm (L) 2466mm (W) 2780mm (H) [RE25])	car_bodies/Renault_Master_RE25_2024-_B.glb
771	L (Master L3H3 24- — 6311mm (L) 2466mm (W) 2780mm (H) [RE25])	car_bodies/Renault_Master_RE25_2024-_L.glb
772	R_D (Master L3H3 24- — 6311mm (L) 2466mm (W) 2780mm (H) [RE25])	car_bodies/Renault_Master_RE25_2024-_R_D.glb
776	B (Trafic Van E-Tech Electric L1 26- — 4870mm (L) 1920mm (W) 1900mm (H) [RE28])	car_bodies/Renault_Trafic_RE28_2026-_B.glb
774	L (Trafic Van E-Tech Electric L1 26- — 4870mm (L) 1920mm (W) 1900mm (H) [RE28])	car_bodies/Renault_Trafic_RE28_2026-_L.glb
775	R_D (Trafic Van E-Tech Electric L1 26- — 4870mm (L) 1920mm (W) 1900mm (H) [RE28])	car_bodies/Renault_Trafic_RE28_2026-_R_D.glb
779	B (Trafic Van E-Tech Electric L2 26- — 5270mm (L) 1920mm (W) 1900mm (H) [RE29])	car_bodies/Renault_Trafic_RE29_2026-_B.glb
777	L (Trafic Van E-Tech Electric L2 26- — 5270mm (L) 1920mm (W) 1900mm (H) [RE29])	car_bodies/Renault_Trafic_RE29_2026-_L.glb
778	R_D (Trafic Van E-Tech Electric L2 26- — 5270mm (L) 1920mm (W) 1900mm (H) [RE29])	car_bodies/Renault_Trafic_RE29_2026-_R_D.glb
59	B (Hilux_TO03_2015-)	car_bodies/Toyota_Hilux_TO03_2015-_B.glb
57	L (Hilux_TO03_2015-)	car_bodies/Toyota_Hilux_TO03_2015-_L.glb
58	R_D (Hilux_TO03_2015-)	car_bodies/Toyota_Hilux_TO03_2015-_R_D.glb
782	B (Proace City L2 20- — 4753mm (L) 2107mm (W) 1812mm (H) [TO11])	car_bodies/Toyota_Proace City_TO11_2020-_B.glb
780	L (Proace City L2 20- — 4753mm (L) 2107mm (W) 1812mm (H) [TO11])	car_bodies/Toyota_Proace City_TO11_2020-_L.glb
781	R_D (Proace City L2 20- — 4753mm (L) 2107mm (W) 1812mm (H) [TO11])	car_bodies/Toyota_Proace City_TO11_2020-_R_D.glb
785	B (Proace City L1 Electric 20- — 4403mm (L) 2107mm (W) 1796mm (H) [TO19])	car_bodies/Toyota_Proace City_TO19_2020-_B.glb
783	L (Proace City L1 Electric 20- — 4403mm (L) 2107mm (W) 1796mm (H) [TO19])	car_bodies/Toyota_Proace City_TO19_2020-_L.glb
784	R_D (Proace City L1 Electric 20- — 4403mm (L) 2107mm (W) 1796mm (H) [TO19])	car_bodies/Toyota_Proace City_TO19_2020-_R_D.glb
788	B (Proace City L2 Electric 20- — 4753mm (L) 2107mm (W) 1812mm (H) [TO20])	car_bodies/Toyota_Proace City_TO20_2020-_B.glb
786	L (Proace City L2 Electric 20- — 4753mm (L) 2107mm (W) 1812mm (H) [TO20])	car_bodies/Toyota_Proace City_TO20_2020-_L.glb
787	R_D (Proace City L2 Electric 20- — 4753mm (L) 2107mm (W) 1812mm (H) [TO20])	car_bodies/Toyota_Proace City_TO20_2020-_R_D.glb
791	B (Proace Max L2H2 24- — 5413mm (L) 2254mm (W) 2522mm (H) [TO14])	car_bodies/Toyota_Proace Max_TO14_2024-_B.glb
789	L (Proace Max L2H2 24- — 5413mm (L) 2254mm (W) 2522mm (H) [TO14])	car_bodies/Toyota_Proace Max_TO14_2024-_L.glb
790	R_D (Proace Max L2H2 24- — 5413mm (L) 2254mm (W) 2522mm (H) [TO14])	car_bodies/Toyota_Proace Max_TO14_2024-_R_D.glb
794	B (Proace Max L3H2 24- — 5998mm (L) 2254mm (W) 2522mm (H) [TO15])	car_bodies/Toyota_Proace Max_TO15_2024-_B.glb
792	L (Proace Max L3H2 24- — 5998mm (L) 2254mm (W) 2522mm (H) [TO15])	car_bodies/Toyota_Proace Max_TO15_2024-_L.glb
793	R_D (Proace Max L3H2 24- — 5998mm (L) 2254mm (W) 2522mm (H) [TO15])	car_bodies/Toyota_Proace Max_TO15_2024-_R_D.glb
797	B (Proace Max_TO16_2024- [TO16])	car_bodies/Toyota_Proace Max_TO16_2024-_B.glb
795	L (Proace Max_TO16_2024- [TO16])	car_bodies/Toyota_Proace Max_TO16_2024-_L.glb
796	R_D (Proace Max_TO16_2024- [TO16])	car_bodies/Toyota_Proace Max_TO16_2024-_R_D.glb
800	B (Proace Max L2H1 24- — 5413mm (L) 2050mm (W) 2254mm (H) [TO18])	car_bodies/Toyota_Proace Max_TO18_2024-_B.glb
798	L (Proace Max L2H1 24- — 5413mm (L) 2050mm (W) 2254mm (H) [TO18])	car_bodies/Toyota_Proace Max_TO18_2024-_L.glb
799	R_D (Proace Max L2H1 24- — 5413mm (L) 2050mm (W) 2254mm (H) [TO18])	car_bodies/Toyota_Proace Max_TO18_2024-_R_D.glb
803	B (Proace Max_TO24_2024- [TO24])	car_bodies/Toyota_Proace Max_TO24_2024-_B.glb
801	L (Proace Max_TO24_2024- [TO24])	car_bodies/Toyota_Proace Max_TO24_2024-_L.glb
802	R_D (Proace Max_TO24_2024- [TO24])	car_bodies/Toyota_Proace Max_TO24_2024-_R_D.glb
806	B (Proace Max L1H1 24- — 4963mm (L) 2254mm (W) 2254mm (H) [TO25])	car_bodies/Toyota_Proace Max_TO25_2024-_B.glb
804	L (Proace Max L1H1 24- — 4963mm (L) 2254mm (W) 2254mm (H) [TO25])	car_bodies/Toyota_Proace Max_TO25_2024-_L.glb
805	R_D (Proace Max L1H1 24- — 4963mm (L) 2254mm (W) 2254mm (H) [TO25])	car_bodies/Toyota_Proace Max_TO25_2024-_R_D.glb
809	B (Proace Max_TO26_2024- [TO26])	car_bodies/Toyota_Proace Max_TO26_2024-_B.glb
807	L (Proace Max_TO26_2024- [TO26])	car_bodies/Toyota_Proace Max_TO26_2024-_L.glb
808	R_D (Proace Max_TO26_2024- [TO26])	car_bodies/Toyota_Proace Max_TO26_2024-_R_D.glb
107	B (Proace City_TO10_2020-)	car_bodies/Toyota_Proace_City_TO10_2020-_B.glb
105	L (Proace City_TO10_2020-)	car_bodies/Toyota_Proace_City_TO10_2020-_L.glb
106	R_D (Proace City_TO10_2020-)	car_bodies/Toyota_Proace_City_TO10_2020-_R_D.glb
812	B (Proace Compact 16- — 4609mm (L) 2204mm (W) 1910mm (H) [TO07])	car_bodies/Toyota_Proace_TO07_2020-_B.glb
810	L (Proace Compact 16- — 4609mm (L) 2204mm (W) 1910mm (H) [TO07])	car_bodies/Toyota_Proace_TO07_2020-_L.glb
811	R_D (Proace Compact 16- — 4609mm (L) 2204mm (W) 1910mm (H) [TO07])	car_bodies/Toyota_Proace_TO07_2020-_R_D.glb
815	B (Proace Medium 16- — 4959mm (L) 2204mm (W) 1940mm (H) [TO08])	car_bodies/Toyota_Proace_TO08_2020-_B.glb
813	L (Proace Medium 16- — 4959mm (L) 2204mm (W) 1940mm (H) [TO08])	car_bodies/Toyota_Proace_TO08_2020-_L.glb
814	R_D (Proace Medium 16- — 4959mm (L) 2204mm (W) 1940mm (H) [TO08])	car_bodies/Toyota_Proace_TO08_2020-_R_D.glb
818	B (Proace Long 16- — 5309mm (L) 2204mm (W) 1940mm (H) [TO09])	car_bodies/Toyota_Proace_TO09_2020-_B.glb
816	L (Proace Long 16- — 5309mm (L) 2204mm (W) 1940mm (H) [TO09])	car_bodies/Toyota_Proace_TO09_2020-_L.glb
817	R_D (Proace Long 16- — 5309mm (L) 2204mm (W) 1940mm (H) [TO09])	car_bodies/Toyota_Proace_TO09_2020-_R_D.glb
821	B (Proace Medium Crew Cab (L2) 20- — 4959mm (L) 2204mm (W) 1940mm (H) [TO12])	car_bodies/Toyota_Proace_TO12_2020-_B.glb
819	L (Proace Medium Crew Cab (L2) 20- — 4959mm (L) 2204mm (W) 1940mm (H) [TO12])	car_bodies/Toyota_Proace_TO12_2020-_L.glb
820	R_D (Proace Medium Crew Cab (L2) 20- — 4959mm (L) 2204mm (W) 1940mm (H) [TO12])	car_bodies/Toyota_Proace_TO12_2020-_R_D.glb
824	B (Proace_TO17_2020- [TO17])	car_bodies/Toyota_Proace_TO17_2020-_B.glb
822	L (Proace_TO17_2020- [TO17])	car_bodies/Toyota_Proace_TO17_2020-_L.glb
823	R_D (Proace_TO17_2020- [TO17])	car_bodies/Toyota_Proace_TO17_2020-_R_D.glb
827	B (Proace_TO21_2020- [TO21])	car_bodies/Toyota_Proace_TO21_2020-_B.glb
825	L (Proace_TO21_2020- [TO21])	car_bodies/Toyota_Proace_TO21_2020-_L.glb
826	R_D (Proace_TO21_2020- [TO21])	car_bodies/Toyota_Proace_TO21_2020-_R_D.glb
830	B (Proace_TO22_2020- [TO22])	car_bodies/Toyota_Proace_TO22_2020-_B.glb
828	L (Proace_TO22_2020- [TO22])	car_bodies/Toyota_Proace_TO22_2020-_L.glb
829	R_D (Proace_TO22_2020- [TO22])	car_bodies/Toyota_Proace_TO22_2020-_R_D.glb
833	B (Proace_TO23_2020- [TO23])	car_bodies/Toyota_Proace_TO23_2020-_B.glb
831	L (Proace_TO23_2020- [TO23])	car_bodies/Toyota_Proace_TO23_2020-_L.glb
832	R_D (Proace_TO23_2020- [TO23])	car_bodies/Toyota_Proace_TO23_2020-_R_D.glb
62	B (Amarok_VW19_2010-2022)	car_bodies/Volkswagen_Amarok_VW19_2010-2022_B.glb
60	L (Amarok_VW19_2010-2022)	car_bodies/Volkswagen_Amarok_VW19_2010-2022_L.glb
61	R_D (Amarok_VW19_2010-2022)	car_bodies/Volkswagen_Amarok_VW19_2010-2022_R_D.glb
110	B (Amarok_VW24_2023-)	car_bodies/Volkswagen_Amarok_VW24_2023-_B.glb
108	L (Amarok_VW24_2023-)	car_bodies/Volkswagen_Amarok_VW24_2023-_L.glb
109	R_D (Amarok_VW24_2023-)	car_bodies/Volkswagen_Amarok_VW24_2023-_R_D.glb
836	B (Caddy_VW13_2004-2020 [VW13])	car_bodies/Volkswagen_Caddy_VW13_2004-2020_B.glb
834	L (Caddy_VW13_2004-2020 [VW13])	car_bodies/Volkswagen_Caddy_VW13_2004-2020_L.glb
835	R_D (Caddy_VW13_2004-2020 [VW13])	car_bodies/Volkswagen_Caddy_VW13_2004-2020_R_D.glb
839	B (Caddy_VW14_2004-2020 [VW14])	car_bodies/Volkswagen_Caddy_VW14_2004-2020_B.glb
837	L (Caddy_VW14_2004-2020 [VW14])	car_bodies/Volkswagen_Caddy_VW14_2004-2020_L.glb
838	R_D (Caddy_VW14_2004-2020 [VW14])	car_bodies/Volkswagen_Caddy_VW14_2004-2020_R_D.glb
842	B (Caddy Cargo 21- — 4500mm (L) 2100mm (W) 1856mm (H) [VW21])	car_bodies/Volkswagen_Caddy_VW21_2021-_B.glb
840	L (Caddy Cargo 21- — 4500mm (L) 2100mm (W) 1856mm (H) [VW21])	car_bodies/Volkswagen_Caddy_VW21_2021-_L.glb
841	R_D (Caddy Cargo 21- — 4500mm (L) 2100mm (W) 1856mm (H) [VW21])	car_bodies/Volkswagen_Caddy_VW21_2021-_R_D.glb
845	B (Caddy Cargo Maxi 21- — 4853mm (L) 2100mm (W) 1860mm (H) [VW22])	car_bodies/Volkswagen_Caddy_VW22_2021-_B.glb
843	L (Caddy Cargo Maxi 21- — 4853mm (L) 2100mm (W) 1860mm (H) [VW22])	car_bodies/Volkswagen_Caddy_VW22_2021-_L.glb
844	R_D (Caddy Cargo Maxi 21- — 4853mm (L) 2100mm (W) 1860mm (H) [VW22])	car_bodies/Volkswagen_Caddy_VW22_2021-_R_D.glb
848	B (Caddy Cargo PHEV 24- — 4500mm (L) 2100mm (W) 1856mm (H) [VW31])	car_bodies/Volkswagen_Caddy_VW31_2021-_B.glb
846	L (Caddy Cargo PHEV 24- — 4500mm (L) 2100mm (W) 1856mm (H) [VW31])	car_bodies/Volkswagen_Caddy_VW31_2021-_L.glb
847	R_D (Caddy Cargo PHEV 24- — 4500mm (L) 2100mm (W) 1856mm (H) [VW31])	car_bodies/Volkswagen_Caddy_VW31_2021-_R_D.glb
851	B (Caddy Cargo Maxi PHEV 24- — 4853mm (L) 2100mm (W) 1860mm (H) [VW32])	car_bodies/Volkswagen_Caddy_VW32_2021-_B.glb
849	L (Caddy Cargo Maxi PHEV 24- — 4853mm (L) 2100mm (W) 1860mm (H) [VW32])	car_bodies/Volkswagen_Caddy_VW32_2021-_L.glb
850	R_D (Caddy Cargo Maxi PHEV 24- — 4853mm (L) 2100mm (W) 1860mm (H) [VW32])	car_bodies/Volkswagen_Caddy_VW32_2021-_R_D.glb
113	B (Crafter)	car_bodies/Volkswagen_Crafter_VW16_2017-_B.glb
111	L (Crafter)	car_bodies/Volkswagen_Crafter_VW16_2017-_L.glb
112	R_D (Crafter)	car_bodies/Volkswagen_Crafter_VW16_2017-_R_D.glb
854	B (Crafter_VW17_2017- [VW17])	car_bodies/Volkswagen_Crafter_VW17_2017-_B.glb
852	L (Crafter_VW17_2017- [VW17])	car_bodies/Volkswagen_Crafter_VW17_2017-_L.glb
853	R_D (Crafter_VW17_2017- [VW17])	car_bodies/Volkswagen_Crafter_VW17_2017-_R_D.glb
857	B (Crafter_VW18_2017- [VW18])	car_bodies/Volkswagen_Crafter_VW18_2017-_B.glb
855	L (Crafter_VW18_2017- [VW18])	car_bodies/Volkswagen_Crafter_VW18_2017-_L.glb
856	R_D (Crafter_VW18_2017- [VW18])	car_bodies/Volkswagen_Crafter_VW18_2017-_R_D.glb
860	B (Crafter L3H2 FWD 17- — 5986mm (L) 2427mm (W) 2355mm (H) [VW33])	car_bodies/Volkswagen_Crafter_VW33_2017-_B.glb
858	L (Crafter L3H2 FWD 17- — 5986mm (L) 2427mm (W) 2355mm (H) [VW33])	car_bodies/Volkswagen_Crafter_VW33_2017-_L.glb
859	R_D (Crafter L3H2 FWD 17- — 5986mm (L) 2427mm (W) 2355mm (H) [VW33])	car_bodies/Volkswagen_Crafter_VW33_2017-_R_D.glb
863	B (Crafter_VW34_2017- [VW34])	car_bodies/Volkswagen_Crafter_VW34_2017-_B.glb
861	L (Crafter_VW34_2017- [VW34])	car_bodies/Volkswagen_Crafter_VW34_2017-_L.glb
862	R_D (Crafter_VW34_2017- [VW34])	car_bodies/Volkswagen_Crafter_VW34_2017-_R_D.glb
866	B (Crafter_VW35_2017- [VW35])	car_bodies/Volkswagen_Crafter_VW35_2017-_B.glb
864	L (Crafter_VW35_2017- [VW35])	car_bodies/Volkswagen_Crafter_VW35_2017-_L.glb
865	R_D (Crafter_VW35_2017- [VW35])	car_bodies/Volkswagen_Crafter_VW35_2017-_R_D.glb
869	B (Crafter L3H2 RWD/AWD 17- — 5986mm (L) 2427mm (W) 2355mm (H) [VW36])	car_bodies/Volkswagen_Crafter_VW36_2017-_B.glb
867	L (Crafter L3H2 RWD/AWD 17- — 5986mm (L) 2427mm (W) 2355mm (H) [VW36])	car_bodies/Volkswagen_Crafter_VW36_2017-_L.glb
868	R_D (Crafter L3H2 RWD/AWD 17- — 5986mm (L) 2427mm (W) 2355mm (H) [VW36])	car_bodies/Volkswagen_Crafter_VW36_2017-_R_D.glb
872	B (Crafter L3H3 RWD/AWD 17- — 5986mm (L) 2427mm (W) 2590mm (H) [VW37])	car_bodies/Volkswagen_Crafter_VW37_2017-_B.glb
870	L (Crafter L3H3 RWD/AWD 17- — 5986mm (L) 2427mm (W) 2590mm (H) [VW37])	car_bodies/Volkswagen_Crafter_VW37_2017-_L.glb
871	R_D (Crafter L3H3 RWD/AWD 17- — 5986mm (L) 2427mm (W) 2590mm (H) [VW37])	car_bodies/Volkswagen_Crafter_VW37_2017-_R_D.glb
875	B (Crafter_VW38_2017- [VW38])	car_bodies/Volkswagen_Crafter_VW38_2017-_B.glb
873	L (Crafter_VW38_2017- [VW38])	car_bodies/Volkswagen_Crafter_VW38_2017-_L.glb
874	R_D (Crafter_VW38_2017- [VW38])	car_bodies/Volkswagen_Crafter_VW38_2017-_R_D.glb
878	B (Crafter_VW39_2017- [VW39])	car_bodies/Volkswagen_Crafter_VW39_2017-_B.glb
876	L (Crafter_VW39_2017- [VW39])	car_bodies/Volkswagen_Crafter_VW39_2017-_L.glb
877	R_D (Crafter_VW39_2017- [VW39])	car_bodies/Volkswagen_Crafter_VW39_2017-_R_D.glb
881	B (Crafter_VW40_2017- [VW40])	car_bodies/Volkswagen_Crafter_VW40_2017-_B.glb
879	L (Crafter_VW40_2017- [VW40])	car_bodies/Volkswagen_Crafter_VW40_2017-_L.glb
880	R_D (Crafter_VW40_2017- [VW40])	car_bodies/Volkswagen_Crafter_VW40_2017-_R_D.glb
884	B (Crafter_VW41_2017- [VW41])	car_bodies/Volkswagen_Crafter_VW41_2017-_B.glb
882	L (Crafter_VW41_2017- [VW41])	car_bodies/Volkswagen_Crafter_VW41_2017-_L.glb
883	R_D (Crafter_VW41_2017- [VW41])	car_bodies/Volkswagen_Crafter_VW41_2017-_R_D.glb
887	B (ID. Buzz Cargo 22- — 4712mm (L) 2211mm (W) 1899mm (H) [VW23])	car_bodies/Volkswagen_IDBuzz_VW23_2022-_B.glb
885	L (ID. Buzz Cargo 22- — 4712mm (L) 2211mm (W) 1899mm (H) [VW23])	car_bodies/Volkswagen_IDBuzz_VW23_2022-_L.glb
886	R_D (ID. Buzz Cargo 22- — 4712mm (L) 2211mm (W) 1899mm (H) [VW23])	car_bodies/Volkswagen_IDBuzz_VW23_2022-_R_D.glb
890	B (Transporter_VW11_2003-2023 [VW11])	car_bodies/Volkswagen_Transporter_VW11_2003-2023_B.glb
888	L (Transporter_VW11_2003-2023 [VW11])	car_bodies/Volkswagen_Transporter_VW11_2003-2023_L.glb
889	R_D (Transporter_VW11_2003-2023 [VW11])	car_bodies/Volkswagen_Transporter_VW11_2003-2023_R_D.glb
893	B (Transporter_VW12_2003-2023 [VW12])	car_bodies/Volkswagen_Transporter_VW12_2003-2023_B.glb
891	L (Transporter_VW12_2003-2023 [VW12])	car_bodies/Volkswagen_Transporter_VW12_2003-2023_L.glb
892	R_D (Transporter_VW12_2003-2023 [VW12])	car_bodies/Volkswagen_Transporter_VW12_2003-2023_R_D.glb
896	B (Transporter_VW15_2003-2023 [VW15])	car_bodies/Volkswagen_Transporter_VW15_2003-2023_B.glb
894	L (Transporter_VW15_2003-2023 [VW15])	car_bodies/Volkswagen_Transporter_VW15_2003-2023_L.glb
895	R_D (Transporter_VW15_2003-2023 [VW15])	car_bodies/Volkswagen_Transporter_VW15_2003-2023_R_D.glb
899	B (Transporter T7 L1H1 24- — 5050mm (L) 2275mm (W) 1981mm (H) [VW25])	car_bodies/Volkswagen_Transporter_VW25_2024-_B.glb
897	L (Transporter T7 L1H1 24- — 5050mm (L) 2275mm (W) 1981mm (H) [VW25])	car_bodies/Volkswagen_Transporter_VW25_2024-_L.glb
898	R_D (Transporter T7 L1H1 24- — 5050mm (L) 2275mm (W) 1981mm (H) [VW25])	car_bodies/Volkswagen_Transporter_VW25_2024-_R_D.glb
902	B (Transporter T7 L2H1 24- — 5450mm (L) 2275mm (W) 1978mm (H) [VW27])	car_bodies/Volkswagen_Transporter_VW27_2024-_B.glb
900	L (Transporter T7 L2H1 24- — 5450mm (L) 2275mm (W) 1978mm (H) [VW27])	car_bodies/Volkswagen_Transporter_VW27_2024-_L.glb
901	R_D (Transporter T7 L2H1 24- — 5450mm (L) 2275mm (W) 1978mm (H) [VW27])	car_bodies/Volkswagen_Transporter_VW27_2024-_R_D.glb
905	B (Transporter T7 Twin Cab L1H1 24- — 5050mm (L) 2275mm (W) 1981mm (H) [VW29])	car_bodies/Volkswagen_Transporter_VW29_2024-_B.glb
903	L (Transporter T7 Twin Cab L1H1 24- — 5050mm (L) 2275mm (W) 1981mm (H) [VW29])	car_bodies/Volkswagen_Transporter_VW29_2024-_L.glb
904	R_D (Transporter T7 Twin Cab L1H1 24- — 5050mm (L) 2275mm (W) 1981mm (H) [VW29])	car_bodies/Volkswagen_Transporter_VW29_2024-_R_D.glb
908	B (Transporter T7 Twin Cab L2H1 24- — 5450mm (L) 2275mm (W) 1978mm (H) [VW30])	car_bodies/Volkswagen_Transporter_VW30_2024-_B.glb
906	L (Transporter T7 Twin Cab L2H1 24- — 5450mm (L) 2275mm (W) 1978mm (H) [VW30])	car_bodies/Volkswagen_Transporter_VW30_2024-_L.glb
907	R_D (Transporter T7 Twin Cab L2H1 24- — 5450mm (L) 2275mm (W) 1978mm (H) [VW30])	car_bodies/Volkswagen_Transporter_VW30_2024-_R_D.glb
911	B (Transporter_VW42_2024- [VW42])	car_bodies/Volkswagen_Transporter_VW42_2024-_B.glb
909	L (Transporter_VW42_2024- [VW42])	car_bodies/Volkswagen_Transporter_VW42_2024-_L.glb
910	R_D (Transporter_VW42_2024- [VW42])	car_bodies/Volkswagen_Transporter_VW42_2024-_R_D.glb
914	B (Transporter_VW43_2024- [VW43])	car_bodies/Volkswagen_Transporter_VW43_2024-_B.glb
912	L (Transporter_VW43_2024- [VW43])	car_bodies/Volkswagen_Transporter_VW43_2024-_L.glb
913	R_D (Transporter_VW43_2024- [VW43])	car_bodies/Volkswagen_Transporter_VW43_2024-_R_D.glb
